#{"t_start": 1764313774.8809488, "env_id": "FlappyBird-v0"}
r,l,t
-8.1,50,0.005809
-8.1,50,0.007313
-8.7,50,0.008803
-8.1,50,0.010261
-8.7,50,0.011781
-8.1,50,0.013206
-8.7,50,0.014654
-8.1,50,0.016094
-3.3,50,0.017742
-5.1,50,0.019158
-8.1,50,0.020603
-6.3,50,0.022032
-6.9,50,0.023496
-8.1,50,0.024903
-8.7,50,0.026316
-8.1,50,0.027709
-8.1,50,0.029172
-8.1,50,0.03061
-6.3,50,0.032084
-8.1,50,0.033525
-9.3,50,0.070397
0.3,50,0.089021
-6.9,50,0.111956
-9.3,50,0.135311
-6.9,50,0.160076
4.8,59,0.187996
2.4,35,0.20308
-0.9,50,0.228482
2.0,31,0.247421
3.9,50,0.271497
3.9,50,0.291407
4.2,53,0.310597
3.9,50,0.332364
-9.3,50,0.354308
3.9,50,0.372704
6.2,64,0.396684
3.9,50,0.415431
-9.3,50,0.433496
-9.3,50,0.451928
3.9,50,0.469715
3.9,50,0.489065
8.2,84,0.520187
3.9,50,0.54133
3.9,50,0.563323
3.9,50,0.582918
-9.3,50,0.605303
-9.3,50,0.626724
3.9,50,0.647318
3.9,50,0.665169
-9.3,50,0.684005
6.1,63,0.707156
4.5,56,0.727521
3.9,50,0.745534
6.3,65,0.769076
0.3,50,0.787522
4.5,56,0.808001
8.4,86,0.838854
-0.9,50,0.857725
4.6,57,0.877917
4.9,60,0.89965
3.9,50,0.918431
4.7,58,0.939188
3.9,50,0.957962
3.9,50,0.975675
6.4,66,1.000865
3.9,50,1.018734
6.6,68,1.043795
8.4,86,1.076082
5.0,61,1.098586
8.4,86,1.12996
12.9,122,1.175599
3.9,50,1.193687
3.9,50,1.212638
4.1,52,1.232432
3.9,50,1.250644
3.9,50,1.269573
3.9,50,1.287702
3.9,50,1.306467
4.5,56,1.327305
8.4,86,1.358691
3.9,50,1.377687
3.9,50,1.395506
4.5,56,1.416094
3.9,50,1.435164
3.9,50,1.45314
3.9,50,1.472489
3.9,50,1.490961
3.9,50,1.510184
3.9,50,1.528391
3.9,50,1.547584
3.9,50,1.565681
4.4,55,1.585991
6.2,64,1.613673
3.9,50,1.633152
3.9,50,1.650972
4.0,51,1.670316
3.9,50,1.689398
4.3,54,1.711849
8.4,86,1.743466
8.4,86,1.775938
3.9,50,1.79403
4.6,57,1.815994
8.4,86,1.848035
3.9,50,1.866791
3.9,50,1.885883
3.9,50,1.905488
3.9,50,1.923765
3.9,50,1.943084
8.4,86,1.974944
4.0,51,1.995723
3.9,50,2.01437
3.9,50,2.034343
4.3,54,2.054436
3.9,50,2.073569
6.6,68,2.098657
5.0,61,2.120592
3.9,50,2.139623
3.9,50,2.159264
4.8,59,2.181494
3.9,50,2.200929
3.9,50,2.223567
6.6,68,2.249028
3.9,50,2.26721
3.9,50,2.286849
3.9,50,2.306259
8.4,86,2.347585
1.5,50,2.37501
3.9,50,2.401096
3.9,50,2.420794
4.2,53,2.441568
3.9,50,2.459409
6.4,66,2.484391
3.9,50,2.502472
4.5,56,2.523299
4.4,55,2.544084
3.9,50,2.561937
3.9,50,2.580894
3.9,50,2.598896
3.9,50,2.618124
4.5,56,2.638912
-0.9,50,2.656872
3.9,50,2.675864
6.5,67,2.700784
3.9,50,2.718939
12.9,122,2.765578
8.4,86,2.796631
8.8,90,2.830254
4.6,57,2.851003
4.6,57,2.871943
6.6,68,2.896953
3.9,50,2.915875
4.3,54,2.935377
3.9,50,2.954329
4.9,60,2.97621
3.9,50,2.994247
3.9,50,3.013366
3.9,50,3.031571
3.9,50,3.050412
3.9,50,3.068577
3.9,50,3.08725
4.8,59,3.108351
3.9,50,3.127102
4.3,54,3.147021
3.9,50,3.165704
3.9,50,3.183815
8.4,86,3.215722
4.1,52,3.234737
3.9,50,3.252625
6.0,62,3.276042
3.9,50,3.294975
3.9,50,3.314135
3.9,50,3.331989
4.4,55,3.352699
3.9,50,3.371882
3.9,50,3.389904
8.4,86,3.421584
3.9,50,3.43954
3.9,50,3.458262
3.9,50,3.476135
3.9,50,3.495088
8.9,91,3.529498
4.6,57,3.551781
3.9,50,3.569877
3.9,50,3.589036
4.1,52,3.608592
3.9,50,3.626551
4.6,57,3.647768
6.1,63,3.675658
8.8,90,3.709454
8.4,86,3.740549
6.4,66,3.764988
3.9,50,3.78274
3.9,50,3.80153
4.2,53,3.82034
6.3,65,3.844001
3.9,50,3.862917
8.4,86,3.894513
4.5,56,3.914783
4.2,53,3.934229
3.9,50,3.952899
4.7,58,3.973801
3.9,50,3.992697
6.1,63,4.016239
8.4,86,4.047458
4.5,56,4.067994
3.9,50,4.086834
3.9,50,4.104632
13.5,128,4.151631
6.7,69,4.176199
3.9,50,4.194905
4.9,60,4.216814
3.9,50,4.234202
4.4,55,4.25498
3.9,50,4.273639
4.0,51,4.291613
10.8,101,4.329516
4.9,60,4.351262
3.9,50,4.36919
4.6,57,4.3898
3.9,50,4.408475
3.9,50,4.426218
11.2,105,4.465552
3.9,50,4.484388
3.9,50,4.505998
3.9,50,4.524468
6.6,68,4.551279
3.9,50,4.572648
3.9,50,4.591566
8.4,86,4.626997
3.9,50,4.645272
3.9,50,4.66482
4.5,56,4.686156
3.9,50,4.704645
8.4,86,4.738047
8.4,86,4.770119
3.9,50,4.789541
3.9,50,4.808466
3.9,50,4.828264
3.9,50,4.846637
3.9,50,4.86612
3.9,50,4.884353
3.9,50,4.903699
3.9,50,4.922554
3.9,50,4.942461
4.8,59,4.973578
9.2,94,5.029657
3.9,50,5.061847
3.9,50,5.088743
6.4,66,5.130094
4.3,54,5.160086
3.9,50,5.182642
4.1,52,5.20242
3.9,50,5.221822
3.9,50,5.23982
3.9,50,5.25889
3.9,50,5.27768
8.4,86,5.310543
12.9,122,5.354988
6.2,64,5.378762
3.9,50,5.397767
6.0,62,5.420683
3.9,50,5.439319
3.9,50,5.459853
4.8,59,5.481782
3.9,50,5.500746
4.8,59,5.521836
3.9,50,5.540803
3.9,50,5.558864
4.8,59,5.580989
4.1,52,5.600229
3.9,50,5.618946
3.9,50,5.636707
3.9,50,5.655751
3.9,50,5.673528
3.9,50,5.695934
3.9,50,5.715822
8.6,88,5.747756
3.9,50,5.766766
3.9,50,5.787801
-8.1,50,5.807039
3.9,50,5.825144
3.9,50,5.844476
3.9,50,5.862763
5.0,61,5.885478
8.4,86,5.917711
4.5,56,5.940043
3.9,50,5.959724
3.9,50,5.978912
3.9,50,5.997204
6.0,62,6.021564
4.5,56,6.04373
4.5,56,6.068048
9.1,93,6.141084
4.9,60,6.166368
8.4,86,6.230291
4.9,60,6.25724
3.9,50,6.311206
3.9,50,6.334408
3.9,50,6.378796
3.9,50,6.409393
3.9,50,6.429012
22.4,199,6.548034
3.9,50,6.566651
4.2,53,6.587797
3.9,50,6.606114
3.9,50,6.62527
6.0,62,6.648029
3.9,50,6.669216
4.4,55,6.725002
4.4,55,6.746526
8.4,86,6.81497
4.1,52,6.838544
3.9,50,6.862135
3.9,50,6.916383
10.8,101,6.96101
3.9,50,6.978791
2.7,50,6.998283
3.9,50,7.016476
3.9,50,7.035545
8.8,90,7.068427
8.6,88,7.101405
3.9,50,7.120511
3.9,50,7.138906
3.9,50,7.181556
8.4,86,7.236835
3.9,50,7.257025
3.9,50,7.275263
3.9,50,7.294607
3.9,50,7.312745
3.9,50,7.332343
6.1,63,7.357021
4.0,51,7.375562
3.9,50,7.395048
3.9,50,7.413884
3.9,50,7.435539
8.4,86,7.473847
3.9,50,7.519763
3.9,50,7.538465
3.9,50,7.55775
4.5,56,7.579009
3.9,50,7.597406
3.9,50,7.620347
12.9,122,7.673661
15.2,136,7.724929
3.9,50,7.743764
8.4,86,7.776211
6.2,64,7.799716
8.4,86,7.831666
8.4,86,7.862856
8.4,86,7.894998
3.9,50,7.913158
4.7,58,7.935177
8.4,86,7.966863
8.4,86,7.99869
4.9,60,8.020713
3.9,50,8.038601
6.1,63,8.062538
9.0,92,8.097098
6.8,70,8.123394
8.4,86,8.155792
3.9,50,8.174536
8.4,86,8.205691
4.1,52,8.225069
4.8,59,8.246994
4.3,54,8.26713
12.9,122,8.316016
3.9,50,8.334107
12.9,122,8.380231
3.9,50,8.398679
6.4,66,8.423455
3.9,50,8.44131
8.4,86,8.473739
9.4,96,8.508728
8.4,86,8.540446
3.9,50,8.55925
3.9,50,8.577281
3.9,50,8.596504
4.5,56,8.617263
3.9,50,8.635112
8.4,86,8.667011
3.9,50,8.685617
3.9,50,8.704456
6.6,68,8.731383
8.4,86,8.764441
6.8,70,8.791694
8.4,86,8.824553
4.3,54,8.844831
8.4,86,8.876146
9.1,93,8.911711
3.9,50,8.929544
8.4,86,8.962186
3.9,50,8.980669
8.4,86,9.012941
12.9,122,9.057562
6.5,67,9.082415
3.9,50,9.100808
6.7,69,9.127213
3.9,50,9.145034
8.4,86,9.177334
3.9,50,9.195953
6.5,67,9.220755
5.0,61,9.243045
6.5,67,9.268588
3.9,50,9.405617
3.9,50,9.43751
6.0,62,9.464098
3.9,50,9.488595
3.9,50,9.511466
9.0,92,9.555472
4.6,57,9.584373
4.3,54,9.605293
4.8,59,9.628165
4.0,51,9.647844
3.9,50,9.666375
4.5,56,9.688004
3.9,50,9.709466
6.1,63,9.733469
4.9,60,9.756376
3.9,50,9.775851
8.4,86,9.809181
3.9,50,9.829651
4.7,58,9.850771
3.9,50,9.87037
6.8,70,9.89575
3.9,50,9.915033
3.9,50,9.933194
3.9,50,9.952229
11.0,103,9.990782
4.2,53,10.010415
3.9,50,10.028753
3.9,50,10.047876
4.9,60,10.070284
3.9,50,10.088356
3.9,50,10.107682
3.9,50,10.126024
8.4,86,10.158512
9.1,93,10.193866
3.9,50,10.214737
12.9,122,10.262414
13.8,131,10.313891
3.9,50,10.332093
3.9,50,10.35114
3.9,50,10.369232
3.9,50,10.388088
6.6,68,10.413877
10.5,98,10.449936
6.7,69,10.476145
4.3,54,10.495538
8.7,89,10.527393
9.4,96,10.562644
3.9,50,10.580941
4.5,56,10.601488
11.1,104,10.639787
17.9,163,10.699753
9.5,97,10.735238
8.4,86,10.766567
3.9,50,10.785345
13.2,125,10.831358
3.9,50,10.850331
6.1,63,10.872957
4.6,57,10.894384
3.9,50,10.912456
3.9,50,10.931456
3.9,50,10.949322
4.6,57,10.969968
-3.3,50,10.989826
6.2,64,11.014272
3.9,50,11.032528
3.9,50,11.052986
4.2,53,11.072752
3.9,50,11.091761
8.4,86,11.123968
5.0,61,11.147181
8.4,86,11.179721
8.7,89,11.213013
6.8,70,11.239486
3.9,50,11.258379
4.8,59,11.280376
3.9,50,11.298483
8.4,86,11.330948
4.1,52,11.350201
4.3,54,11.369565
4.0,51,11.388852
3.9,50,11.407522
3.9,50,11.425761
3.9,50,11.444894
8.6,88,11.477675
4.2,53,11.496855
8.8,90,11.530385
6.6,68,11.556096
3.9,50,11.575342
3.9,50,11.593955
3.9,50,11.613153
4.1,52,11.632257
4.3,54,11.651963
3.9,50,11.671123
3.9,50,11.690643
8.4,86,11.722768
3.9,50,11.741048
3.9,50,11.759976
9.4,96,11.795482
8.4,86,11.82646
3.9,50,11.845209
4.9,60,11.86731
10.5,98,11.902798
6.6,68,11.928182
3.9,50,11.947255
4.1,52,11.966326
3.9,50,11.984066
8.4,86,12.015569
3.9,50,12.033572
10.8,101,12.072756
3.9,50,12.090653
4.1,52,12.109569
3.9,50,12.128278
4.2,53,12.147703
3.9,50,12.165459
3.9,50,12.18436
3.9,50,12.202281
3.9,50,12.221199
3.9,50,12.239854
3.9,50,12.258909
6.0,62,12.281344
4.1,52,12.300558
0.3,50,12.319073
6.6,68,12.344068
6.1,63,12.366852
3.9,50,12.384661
3.9,50,12.403607
3.9,50,12.422043
3.9,50,12.44081
4.3,54,12.460037
3.9,50,12.479051
12.9,122,12.523667
5.0,61,12.545768
3.9,50,12.564328
3.9,50,12.582486
3.9,50,12.601078
3.9,50,12.619016
3.9,50,12.637944
3.9,50,12.656458
3.9,50,12.675431
3.9,50,12.693603
3.9,50,12.716074
5.0,61,12.739034
8.4,86,12.772399
4.5,56,12.794088
3.9,50,12.812236
3.9,50,12.831684
3.9,50,12.849985
3.9,50,12.869029
3.9,50,12.887531
8.4,86,12.920011
4.7,58,12.941021
6.6,68,12.966528
4.1,52,12.986068
3.9,50,13.005415
3.9,50,13.023844
3.9,50,13.042676
0.3,50,13.061042
3.9,50,13.080263
3.9,50,13.098994
3.9,50,13.117947
3.9,50,13.13624
3.9,50,13.155388
4.0,51,13.173822
3.9,50,13.192889
3.9,50,13.212906
3.9,50,13.232015
4.8,59,13.254308
3.9,50,13.272499
4.1,52,13.29178
3.9,50,13.310672
4.5,56,13.331481
3.9,50,13.349653
6.4,66,13.374495
3.9,50,13.392745
3.9,50,13.411623
4.7,58,13.432825
3.9,50,13.451713
3.9,50,13.470623
4.7,58,13.495453
3.9,50,13.513799
3.9,50,13.533259
3.9,50,13.553439
6.3,65,13.57764
4.5,56,13.599104
10.6,99,13.635979
3.9,50,13.655292
3.9,50,13.674054
8.4,86,13.706558
3.9,50,13.725027
3.9,50,13.74396
8.4,86,13.775029
8.4,86,13.807253
3.9,50,13.825679
3.9,50,13.844796
3.9,50,13.863118
9.3,95,13.898678
3.9,50,13.916888
3.9,50,13.936283
4.8,59,13.958195
3.9,50,13.977202
8.4,86,14.009798
10.8,101,14.04797
4.3,54,14.067825
0.9,50,14.08692
8.4,86,14.118646
3.9,50,14.137789
3.9,50,14.15625
3.9,50,14.175791
3.9,50,14.193919
17.9,163,14.25496
3.9,50,14.273982
3.9,50,14.292148
3.9,50,14.311396
3.9,50,14.329562
3.9,50,14.348485
4.5,56,14.369363
17.9,163,14.42925
3.9,50,14.448198
3.9,50,14.466044
4.8,59,14.488149
3.9,50,14.506955
3.9,50,14.524986
2.0,31,14.53722
6.4,66,14.562177
3.9,50,14.581463
3.9,50,14.601784
9.1,93,14.639678
3.9,50,14.65786
4.5,56,14.679106
4.4,55,14.701587
8.4,86,14.733557
3.9,50,14.752533
3.9,50,14.770303
8.4,86,14.802533
3.9,50,14.820409
12.9,122,14.865694
8.9,91,14.899193
6.3,65,14.923078
3.9,50,14.940402
3.9,50,14.9593
3.9,50,14.977117
8.4,86,15.009121
3.9,50,15.027138
4.7,58,15.049269
4.5,56,15.069792
3.9,50,15.087747
10.5,98,15.124333
3.9,50,15.144036
3.9,50,15.163702
4.3,54,15.184094
3.9,50,15.203821
3.9,50,15.222403
9.1,93,15.259928
17.9,163,15.322665
6.2,64,15.346324
3.9,50,15.365726
4.4,55,15.386712
3.9,50,15.404954
3.9,50,15.425231
8.4,86,15.457269
8.4,86,15.48971
4.2,53,15.509317
3.9,50,15.527498
8.9,91,15.561783
12.9,122,15.608401
4.8,59,15.631193
3.9,50,15.650513
10.7,100,15.688215
8.9,91,15.722202
6.4,66,15.748182
3.9,50,15.767634
8.4,86,15.800065
6.8,70,15.827147
3.9,50,15.845409
2.0,31,15.857236
3.9,50,15.876217
3.9,50,15.895685
3.9,50,15.914294
3.9,50,15.933904
3.9,50,15.952901
2.0,31,15.964972
3.9,50,15.984982
8.4,86,16.022247
3.9,50,16.041417
8.5,87,16.077712
8.4,86,16.111556
3.9,50,16.130336
2.0,31,16.142783
2.0,31,16.155647
4.5,56,16.179066
3.9,50,16.198084
2.0,31,16.210539
4.3,54,16.23117
3.9,50,16.249843
3.9,50,16.271311
9.4,96,16.308682
3.9,50,16.327427
3.9,50,16.346326
3.9,50,16.364724
3.9,50,16.383784
3.9,50,16.402532
8.4,86,16.43628
3.9,50,16.455366
3.9,50,16.47455
3.9,50,16.493568
12.9,122,16.540814
2.0,31,16.552311
2.0,31,16.564497
-0.9,50,16.583882
2.0,31,16.595132
4.1,52,16.614809
3.9,50,16.633932
8.4,86,16.665619
6.6,68,16.690992
3.9,50,16.710061
3.9,50,16.728223
6.4,66,16.75633
6.5,67,16.782982
3.9,50,16.80186
3.9,50,16.821119
3.9,50,16.839275
3.9,50,16.8586
2.0,31,16.869517
3.9,50,16.88866
8.4,86,16.919995
3.9,50,16.938813
3.9,50,16.957072
2.2,33,16.970517
11.0,103,17.008403
3.9,50,17.027193
12.9,122,17.071707
3.9,50,17.090835
3.9,50,17.108831
3.9,50,17.127884
12.9,122,17.172926
3.9,50,17.192083
3.9,50,17.21044
2.0,31,17.222137
3.9,50,17.241272
8.6,88,17.273946
2.0,31,17.284928
2.0,31,17.296569
3.9,50,17.315499
4.1,52,17.336338
8.4,86,17.373374
6.8,70,17.400267
3.9,50,17.420508
2.0,31,17.435769
8.4,86,17.467573
3.9,50,17.487131
10.8,101,17.524024
3.9,50,17.543177
3.9,50,17.561877
3.9,50,17.581362
3.9,50,17.599465
3.9,50,17.618418
3.9,50,17.636372
2.0,31,17.648489
3.9,50,17.667012
3.9,50,17.685934
6.4,66,17.709729
6.6,68,17.734975
3.9,50,17.754089
3.9,50,17.772164
2.0,31,17.784017
3.9,50,17.802704
3.9,50,17.820978
3.9,50,17.839952
2.0,31,17.850799
3.9,50,17.869945
3.9,50,17.888161
2.0,31,17.899946
3.9,50,17.919065
2.0,31,17.929982
3.9,50,17.948905
2.0,31,17.960719
2.0,31,17.971686
3.9,50,17.990703
3.9,50,18.008819
3.9,50,18.027923
3.2,43,18.044307
3.9,50,18.062924
3.9,50,18.081995
2.0,31,18.093041
2.9,40,18.108214
3.9,50,18.127134
2.4,35,18.140372
3.9,50,18.158265
2.0,31,18.170654
3.9,50,18.188887
8.4,86,18.222352
2.0,31,18.23425
3.9,50,18.252294
3.9,50,18.271259
2.0,31,18.282246
3.9,50,18.300926
3.9,50,18.318991
3.9,50,18.338232
2.0,31,18.350092
3.9,50,18.368397
2.0,31,18.380304
2.7,38,18.394149
2.0,31,18.405775
2.7,38,18.420362
3.9,50,18.439299
3.9,50,18.458331
2.0,31,18.469635
3.9,50,18.489105
2.4,35,18.502621
4.0,51,18.520944
3.9,50,18.540017
3.9,50,18.558075
3.9,50,18.577247
6.4,66,18.601404
4.9,60,18.623824
8.4,86,18.656569
3.9,50,18.675054
2.0,31,18.686958
3.9,50,18.706293
6.3,65,18.730074
3.9,50,18.748363
3.9,50,18.767515
3.9,50,18.785944
8.4,86,18.818452
6.4,66,18.842747
3.9,50,18.862768
3.9,50,18.881106
8.4,86,18.913648
8.6,88,18.946077
3.9,50,18.964178
3.9,50,18.983431
3.9,50,19.001721
12.9,122,19.047477
3.9,50,19.066037
3.9,50,19.085241
3.9,50,19.103741
6.0,62,19.127613
3.9,50,19.146223
3.9,50,19.165641
3.9,50,19.183866
4.4,55,19.204324
3.9,50,19.22506
8.4,86,19.256485
3.9,50,19.275727
12.9,122,19.320468
3.9,50,19.339675
3.9,50,19.35845
3.9,50,19.377382
3.9,50,19.395721
4.4,55,19.416281
3.9,50,19.434041
3.9,50,19.453369
3.9,50,19.471828
3.9,50,19.490982
3.9,50,19.509312
3.9,50,19.528288
4.5,56,19.548774
3.9,50,19.566952
4.3,54,19.59182
3.9,50,19.610575
3.9,50,19.62994
3.9,50,19.648214
4.6,57,19.670857
3.9,50,19.689237
3.9,50,19.709117
3.9,50,19.728085
3.9,50,19.747592
3.9,50,19.766196
3.9,50,19.786911
3.9,50,19.805842
4.3,54,19.827726
3.9,50,19.849177
3.9,50,19.869067
3.9,50,19.891444
3.9,50,19.910749
3.9,50,19.928986
3.9,50,19.9481
3.9,50,19.966913
3.9,50,19.985661
3.9,50,20.004117
3.9,50,20.023299
3.9,50,20.043446
3.9,50,20.064157
3.9,50,20.082268
13.6,129,20.132264
3.9,50,20.151574
8.6,88,20.184458
3.9,50,20.204091
4.0,51,20.225731
3.9,50,20.244573
3.9,50,20.263151
4.1,52,20.28241
6.6,68,20.307152
3.9,50,20.326529
6.7,69,20.351635
3.9,50,20.370535
8.4,86,20.403986
8.4,86,20.44291
3.9,50,20.463565
3.9,50,20.481732
3.9,50,20.501231
4.7,58,20.52234
3.9,50,20.541655
3.9,50,20.560123
3.9,50,20.578995
3.9,50,20.597554
3.9,50,20.616364
3.9,50,20.634622
3.9,50,20.653798
3.9,50,20.672202
8.8,90,20.706094
3.9,50,20.724314
3.9,50,20.74333
3.9,50,20.762233
3.9,50,20.78252
3.9,50,20.801184
3.9,50,20.82044
3.9,50,20.839716
3.9,50,20.859602
10.9,102,20.898031
3.9,50,20.917491
3.9,50,20.936157
15.4,138,20.989875
3.9,50,21.008806
3.9,50,21.031667
3.9,50,21.050627
17.9,163,21.113672
6.2,64,21.139655
3.9,50,21.160573
5.0,61,21.184869
6.0,62,21.208392
3.9,50,21.227654
3.9,50,21.245828
3.9,50,21.265056
3.9,50,21.282954
13.8,131,21.333632
4.9,60,21.356499
9.4,96,21.392611
3.9,50,21.411984
3.9,50,21.430517
3.9,50,21.449512
3.9,50,21.4679
3.9,50,21.486689
15.7,141,21.54358
3.9,50,21.561868
17.9,163,21.623394
3.9,50,21.642525
3.9,50,21.661288
9.2,94,21.697298
3.9,50,21.715964
3.9,50,21.735652
3.9,50,21.754209
13.7,130,21.80444
3.9,50,21.822992
4.9,60,21.845905
4.9,60,21.868926
3.9,50,21.888442
3.9,50,21.906994
3.9,50,21.926672
3.9,50,21.945157
3.9,50,21.964563
8.4,86,21.996704
8.4,86,22.029347
3.9,50,22.047765
3.9,50,22.067132
6.1,63,22.090662
3.9,50,22.109688
8.6,88,22.142629
4.4,55,22.163412
8.4,86,22.195682
3.9,50,22.215168
-3.3,50,22.233346
3.9,50,22.254162
9.5,97,22.296078
3.9,50,22.319126
0.9,50,22.338701
6.3,65,22.364668
3.9,50,22.38448
4.8,59,22.405432
4.8,59,22.427976
8.4,86,22.465966
8.4,86,22.498554
13.2,125,22.544667
8.7,89,22.57842
13.1,124,22.624348
3.9,50,22.642357
3.9,50,22.661636
3.9,50,22.680241
8.4,86,22.712827
4.5,56,22.733983
4.4,55,22.755026
8.8,90,22.789587
4.8,59,22.8121
3.9,50,22.830209
8.4,86,22.862731
4.6,57,22.883795
5.0,61,22.906166
8.4,86,22.938905
3.9,50,22.95715
8.4,86,22.989657
10.8,101,23.02714
4.5,56,23.047824
3.9,50,23.068272
6.0,62,23.092148
8.4,86,23.124711
3.9,50,23.144748
8.4,86,23.177355
12.9,122,23.227437
4.0,51,23.246538
6.8,70,23.272791
8.4,86,23.305738
6.1,63,23.328716
2.0,31,23.340563
2.0,31,23.352681
3.9,50,23.370952
8.4,86,23.403963
3.9,50,23.422334
8.4,86,23.455873
2.1,50,23.474273
8.4,86,23.506846
3.9,50,23.525063
4.8,59,23.547443
3.9,50,23.566426
4.2,53,23.586273
6.8,70,23.61209
9.4,96,23.651159
3.9,50,23.670923
10.5,98,23.708143
8.4,86,23.740489
15.3,137,23.791435
3.9,50,23.810542
10.6,99,23.846554
6.4,66,23.871403
22.4,199,23.945611
8.4,86,23.977023
3.9,50,23.997841
4.3,54,24.018977
4.9,60,24.041608
3.9,50,24.060808
12.9,122,24.105878
3.9,50,24.125487
4.8,59,24.147233
3.9,50,24.166545
3.9,50,24.184871
6.0,62,24.209287
8.4,86,24.244468
12.9,122,24.292151
4.3,54,24.395598
8.4,86,24.49155
8.4,86,24.535731
4.4,55,24.563214
3.9,50,24.594095
4.6,57,24.622427
3.9,50,24.647663
3.9,50,24.67167
4.3,54,24.696835
3.9,50,24.722061
3.9,50,24.741534
8.6,88,24.775712
3.9,50,24.795261
12.9,122,24.841523
10.5,98,24.879054
3.9,50,24.897093
3.9,50,24.91717
4.7,58,24.938468
4.7,58,24.960502
3.9,50,24.978334
3.9,50,24.997266
4.6,57,25.018437
3.9,50,25.037563
15.4,138,25.088429
6.1,63,25.112257
4.1,52,25.132861
3.9,50,25.151195
4.6,57,25.176926
3.9,50,25.195683
3.9,50,25.215999
3.9,50,25.235476
8.4,86,25.269091
3.9,50,25.288052
3.9,50,25.308156
3.9,50,25.327137
4.1,52,25.347165
3.9,50,25.366552
8.5,87,25.399621
6.1,63,25.423002
8.4,86,25.455639
3.9,50,25.473911
4.4,55,25.494658
3.9,50,25.512965
32.8,285,25.619561
6.4,66,25.643942
8.4,86,25.676544
8.4,86,25.708524
8.4,86,25.741212
3.9,50,25.759167
4.1,52,25.778621
6.8,70,25.805242
3.9,50,25.823134
3.9,50,25.84259
8.6,88,25.875356
10.8,101,25.91325
3.9,50,25.931922
4.4,55,25.952406
4.1,52,25.971741
4.4,55,25.992403
8.4,86,26.023997
5.0,61,26.047468
4.8,59,26.068789
3.9,50,26.089741
8.4,86,26.122521
3.9,50,26.142071
10.7,100,26.180454
9.4,96,26.218067
8.4,86,26.251286
8.4,86,26.285077
3.9,50,26.303199
8.4,86,26.336344
4.7,58,26.357486
8.4,86,26.389664
6.6,68,26.415136
12.9,122,26.460271
3.9,50,26.47916
3.9,50,26.497346
8.4,86,26.529948
4.7,58,26.554269
3.9,50,26.575466
3.9,50,26.596041
8.4,86,26.628963
8.4,86,26.661912
15.3,137,26.717849
13.3,126,26.765587
6.0,62,26.78918
4.5,56,26.810688
4.7,58,26.831982
8.4,86,26.86578
6.6,68,26.891986
12.9,122,26.943578
8.4,86,26.977515
6.1,63,27.000906
3.9,50,27.02043
8.4,86,27.052088
8.4,86,27.088257
6.7,69,27.114034
12.9,122,27.160387
3.9,50,27.17891
18.3,167,27.24319
8.6,88,27.276123
10.9,102,27.313988
3.9,50,27.333332
5.0,61,27.356098
3.9,50,27.375079
3.9,50,27.393355
3.9,50,27.412716
3.9,50,27.431064
4.4,55,27.452299
3.9,50,27.471142
3.9,50,27.490413
13.6,129,27.539222
3.9,50,27.559173
3.9,50,27.580679
12.9,122,27.629142
3.9,50,27.648023
8.4,86,27.682019
3.9,50,27.700311
3.9,50,27.719817
5.0,61,27.742826
15.4,138,27.794661
8.4,86,27.82739
4.0,51,27.847554
4.5,56,27.869114
8.4,86,27.902438
8.4,86,27.935231
8.4,86,27.967192
13.7,130,28.015982
9.4,96,28.051481
4.0,51,28.070024
15.7,141,28.12319
6.5,67,28.147623
8.4,86,28.179983
3.9,50,28.198261
6.3,65,28.223854
6.0,62,28.246714
8.4,86,28.279456
3.9,50,28.297701
8.4,86,28.33066
3.9,50,28.348927
13.6,129,28.397599
8.4,86,28.431183
8.4,86,28.463802
6.6,68,28.489563
9.0,92,28.526734
3.9,50,28.54628
12.9,122,28.593489
8.4,86,28.628185
8.4,86,28.660641
6.2,64,28.68524
8.7,89,28.720446
3.9,50,28.739105
3.9,50,28.758753
10.6,99,28.802508
10.6,99,28.84074
8.4,86,28.874701
8.4,86,28.906974
8.9,91,28.941846
6.2,64,28.965925
3.9,50,28.984445
4.3,54,29.010408
8.4,86,29.049123
8.4,86,29.084626
6.6,68,29.11053
8.4,86,29.143402
3.9,50,29.163619
3.9,50,29.182035
15.2,136,29.232906
12.9,122,29.278084
4.1,52,29.297515
4.6,57,29.318511
9.2,94,29.353682
6.2,64,29.377743
15.3,137,29.429549
13.2,125,29.476337
8.4,86,29.50883
6.6,68,29.534029
22.4,199,29.607413
6.4,66,29.632278
6.8,70,29.657945
3.9,50,29.67718
3.9,50,29.695077
3.9,50,29.714124
6.6,68,29.739258
8.4,86,29.770831
6.4,66,29.795811
3.9,50,29.813952
-0.9,50,29.832693
6.7,69,29.858162
8.4,86,29.891334
8.4,86,29.923424
6.7,69,29.94921
6.2,64,29.972979
3.9,50,29.994827
4.7,58,30.016989
3.9,50,30.036536
4.9,60,30.059581
4.5,56,30.081189
8.4,86,30.113245
3.9,50,30.132786
10.8,101,30.174687
3.9,50,30.194527
4.6,57,30.215797
8.4,86,30.253789
6.5,67,30.283191
3.9,50,30.303678
8.4,86,30.337409
3.9,50,30.358052
6.8,70,30.384049
9.3,95,30.420123
9.2,94,30.456398
17.9,163,30.519245
4.0,51,30.539183
8.4,86,30.571105
3.9,50,30.590576
4.4,55,30.61134
9.5,97,30.649404
8.4,86,30.681167
8.4,86,30.713547
8.4,86,30.745272
8.4,86,30.778026
8.4,86,30.809653
12.9,122,30.855808
6.6,68,30.881762
6.8,70,30.907272
8.4,86,30.946999
8.4,86,30.979869
3.9,50,30.998922
8.4,86,31.031333
6.1,63,31.055613
3.9,50,31.07522
8.4,86,31.107522
6.8,70,31.134721
8.4,86,31.16729
8.4,86,31.201143
9.1,93,31.237853
6.4,66,31.262195
8.4,86,31.295419
12.9,122,31.341774
13.6,129,31.394634
4.3,54,31.414894
3.9,50,31.43425
3.9,50,31.452642
12.9,122,31.499204
6.0,62,31.5225
8.4,86,31.555683
3.9,50,31.574438
18.2,166,31.637274
4.7,58,31.658272
12.9,122,31.706124
6.5,67,31.731309
8.4,86,31.764923
8.4,86,31.797613
24.6,212,31.879961
6.0,62,31.904953
5.0,61,31.927985
8.4,86,31.961637
8.4,86,31.994672
3.9,50,32.014293
8.4,86,32.047136
8.4,86,32.080111
10.7,100,32.118101
8.4,86,32.149631
3.9,50,32.168923
4.8,59,32.190734
4.6,57,32.213267
17.9,163,32.277185
6.2,64,32.301565
8.4,86,32.33529
9.2,94,32.370149
3.9,50,32.38922
8.4,86,32.420916
3.9,50,32.440175
6.3,65,32.464673
12.9,122,32.510947
8.4,86,32.543235
8.4,86,32.57619
8.4,86,32.60821
8.4,86,32.640996
6.5,67,32.665042
8.4,86,32.697977
3.9,50,32.716341
3.9,50,32.735834
8.4,86,32.767658
3.9,50,32.786553
12.9,122,32.836336
5.0,61,32.86151
8.4,86,32.893893
4.6,57,32.915078
4.3,54,32.936138
31.9,276,33.041716
6.7,69,33.068308
11.3,106,33.110122
3.9,50,33.128829
18.8,172,33.195294
8.4,86,33.229777
4.8,59,33.251904
6.1,63,33.276042
2.0,31,33.288433
22.5,200,33.365832
5.0,61,33.38891
12.9,122,33.436996
3.9,50,33.455658
6.8,70,33.482897
8.4,86,33.515584
6.0,62,33.54019
6.6,68,33.566551
10.8,101,33.609448
9.3,95,33.645521
12.9,122,33.691119
22.4,199,33.766699
4.2,53,33.786569
8.4,86,33.819436
8.4,86,33.85167
5.0,61,33.87424
4.5,56,33.895309
8.5,87,33.932145
6.0,62,33.955524
3.9,50,33.975594
8.4,86,34.01168
6.8,70,34.039504
3.9,50,34.062423
8.4,86,34.095929
8.4,86,34.129265
3.9,50,34.147973
3.9,50,34.16733
3.9,50,34.185962
8.9,91,34.220916
6.3,65,34.246186
8.6,88,34.282143
2.0,31,34.296786
8.4,86,34.330736
3.9,50,34.350236
12.9,122,34.397708
5.0,61,34.423799
8.4,86,34.458763
6.2,64,34.483876
15.6,140,34.537817
2.0,31,34.551187
4.7,58,34.574829
8.4,86,34.608381
12.9,122,34.657381
10.5,98,34.696915
3.9,50,34.715848
8.4,86,34.751291
8.4,86,34.788743
3.9,50,34.810673
20.8,183,34.881264
8.6,88,34.915293
-3.3,50,34.93456
8.4,86,34.967944
8.4,86,35.000344
10.6,99,35.037806
20.8,183,35.110853
22.4,199,35.185793
5.0,61,35.210527
8.4,86,35.248394
6.6,68,35.279106
4.9,60,35.303152
8.4,86,35.340396
3.9,50,35.360188
4.7,58,35.384561
20.4,179,35.452374
17.9,163,35.514361
4.6,57,35.536413
12.9,122,35.583235
13.1,124,35.631318
5.0,61,35.654455
8.4,86,35.687596
8.4,86,35.720994
6.0,62,35.745189
8.6,88,35.778695
13.9,132,35.828845
6.8,70,35.85513
12.9,122,35.902485
8.4,86,35.935847
3.9,50,35.955023
8.4,86,35.988194
6.5,67,36.013852
8.4,86,36.045723
8.4,86,36.078538
8.4,86,36.110594
3.9,50,36.129349
6.3,65,36.153499
4.1,52,36.17321
11.3,106,36.214331
6.5,67,36.242134
6.0,62,36.266929
8.4,86,36.302944
3.9,50,36.322408
6.8,70,36.348814
11.0,103,36.389011
6.5,67,36.416934
12.9,122,36.465731
11.3,106,36.507789
4.7,58,36.529347
8.8,90,36.564965
8.4,86,36.59789
6.8,70,36.62448
8.4,86,36.6561
4.2,53,36.676325
8.4,86,36.708869
12.9,122,36.758351
7.8,86,36.791565
12.9,122,36.839744
8.4,86,36.872382
4.1,52,36.892744
10.9,102,36.931943
8.4,86,36.967398
8.4,86,37.004725
4.9,60,37.027178
8.4,86,37.060753
8.4,86,37.096298
4.4,55,37.116601
3.9,50,37.136401
3.9,50,37.155365
4.7,58,37.178457
3.9,50,37.197227
-3.3,50,37.216999
6.5,67,37.243237
3.9,50,37.261833
10.6,99,37.30007
6.2,64,37.324888
8.7,89,37.358853
8.4,86,37.391542
4.7,58,37.412583
6.7,69,37.438204
12.9,122,37.484646
8.4,86,37.516477
8.4,86,37.549495
6.3,65,37.573411
10.5,98,37.610484
17.9,163,37.670774
3.9,50,37.690086
6.7,69,37.71578
6.7,69,37.744045
12.9,122,37.793021
3.9,50,37.811425
12.9,122,37.858698
13.3,126,37.907102
8.4,86,37.940995
8.4,86,37.97787
8.7,89,38.013836
3.9,50,38.032491
6.3,65,38.056769
3.9,50,38.076409
8.4,86,38.108171
6.0,62,38.131658
6.8,70,38.157405
8.4,86,38.190497
6.4,66,38.215281
8.4,86,38.247903
6.6,68,38.273247
8.9,91,38.308245
8.9,91,38.341929
8.5,87,38.375817
4.5,56,38.3967
6.4,66,38.42224
3.9,50,38.44087
6.3,65,38.465313
4.1,52,38.48475
3.9,50,38.504234
8.9,91,38.541145
8.4,86,38.574041
8.4,86,38.607523
3.9,50,38.626045
3.9,50,38.645922
8.4,86,38.681802
8.4,86,38.717144
3.9,50,38.735793
8.4,86,38.769183
6.6,68,38.795482
4.2,53,38.818355
3.9,50,38.836908
15.5,139,38.890746
4.8,59,38.915696
6.7,69,38.942709
4.2,53,38.965638
8.4,86,39.006119
6.7,69,39.037482
3.9,50,39.059722
4.0,51,39.078678
8.4,86,39.112515
8.4,86,39.144676
6.1,63,39.168528
4.0,51,39.188194
3.9,50,39.206581
9.4,96,39.247996
10.9,102,39.287216
11.1,104,39.326595
11.2,105,39.49085
6.7,69,39.520255
6.8,70,39.549938
6.2,64,39.575743
15.7,141,39.634813
8.4,86,39.677584
6.5,67,39.705132
6.2,64,39.730764
6.7,69,39.760112
6.6,68,39.786714
6.4,66,39.814783
6.4,66,39.844008
11.1,104,39.884572
4.7,58,39.906749
9.2,94,39.94281
8.4,86,39.975183
4.0,51,39.994883
8.6,88,40.028634
8.4,86,40.062614
8.4,86,40.0967
4.1,52,40.115932
8.4,86,40.148893
6.4,66,40.17403
3.9,50,40.192307
3.9,50,40.211735
8.4,86,40.243839
3.9,50,40.263421
6.6,68,40.289648
11.3,106,40.330537
8.4,86,40.365674
6.6,68,40.394318
6.6,68,40.420502
6.2,64,40.444848
3.9,50,40.4635
19.0,174,40.530421
6.6,68,40.556507
8.4,86,40.589394
8.9,91,40.623817
3.9,50,40.6431
6.6,68,40.668553
9.2,94,40.703429
10.9,102,40.742989
6.6,68,40.76853
6.5,67,40.795942
8.4,86,40.830299
15.6,140,40.884313
10.5,98,40.922162
6.8,70,40.949342
6.4,66,40.974198
8.5,87,41.008862
8.5,87,41.04181
13.6,129,41.090073
8.4,86,41.122741
8.4,86,41.154548
4.4,55,41.17754
3.9,50,41.19641
6.6,68,41.222191
6.7,69,41.248626
3.9,50,41.267927
3.9,50,41.287997
22.4,199,41.365968
3.9,50,41.385872
3.9,50,41.404939
8.4,86,41.438927
3.9,50,41.459328
8.4,86,41.4927
3.9,50,41.513405
10.5,98,41.553222
8.4,86,41.586137
4.4,55,41.607353
6.3,65,41.633546
6.1,63,41.661362
12.9,122,41.711778
6.4,66,41.736262
2.2,33,41.748763
6.2,64,41.773707
4.9,60,41.79713
8.4,86,41.830239
3.9,50,41.849113
8.8,90,41.884236
6.3,65,41.909073
8.4,86,41.944053
15.6,140,41.998981
19.0,174,42.06636
10.7,100,42.105322
8.4,86,42.138236
8.4,86,42.169549
8.6,88,42.202778
22.4,199,42.277723
2.0,31,42.289716
6.1,63,42.312523
3.9,50,42.331747
8.4,86,42.365497
8.4,86,42.405044
12.9,122,42.45132
2.4,35,42.465235
11.3,106,42.509559
8.4,86,42.542226
3.9,50,42.561496
4.7,58,42.582869
6.7,69,42.60879
20.7,182,42.679276
8.4,86,42.711245
15.3,137,42.765909
6.1,63,42.789549
5.0,61,42.813694
8.4,86,42.846303
8.4,86,42.879508
4.5,56,42.901208
15.1,135,42.951649
4.7,58,42.973972
8.4,86,43.005339
12.9,122,43.052124
6.1,63,43.076339
8.4,86,43.108862
4.0,51,43.12974
8.4,86,43.162909
9.4,96,43.200526
11.2,105,43.242402
13.1,124,43.298139
5.0,61,43.321035
34.3,291,43.436745
8.8,90,43.470888
4.5,56,43.494592
8.4,86,43.528968
8.4,86,43.561178
8.4,86,43.594541
8.4,86,43.626509
8.4,86,43.662146
18.7,171,43.730769
8.4,86,43.764371
14.0,133,43.814303
6.5,67,43.840217
3.9,50,43.858791
13.1,124,43.906135
8.4,86,43.939659
13.6,129,43.989416
8.4,86,44.023016
3.9,50,44.042138
3.9,50,44.0618
6.5,67,44.086144
8.4,86,44.119784
6.8,70,44.146157
6.2,64,44.17109
12.9,122,44.220401
6.2,64,44.246516
8.4,86,44.28022
8.4,86,44.31993
9.5,97,44.356708
12.9,122,44.409456
10.9,102,44.450225
3.9,50,44.469632
8.4,86,44.502069
12.9,122,44.54954
8.4,86,44.582347
6.6,68,44.610406
4.3,54,44.631788
8.8,90,44.666375
8.4,86,44.700939
6.1,63,44.724005
8.4,86,44.756668
8.4,86,44.788261
3.9,50,44.80729
10.7,100,44.844886
8.4,86,44.876714
8.6,88,44.910205
8.4,86,44.9429
4.2,53,44.96441
12.9,122,45.010398
12.9,122,45.055571
5.0,61,45.079515
8.4,86,45.112303
-9.3,50,45.130701
8.4,86,45.163575
8.4,86,45.195204
8.4,86,45.228095
6.6,68,45.253672
12.9,122,45.298994
8.4,86,45.331799
8.4,86,45.363833
6.1,63,45.387598
3.9,50,45.407007
6.0,62,45.42956
4.5,56,45.450565
6.1,63,45.47496
6.1,63,45.49895
5.0,61,45.521444
8.7,89,45.554334
8.4,86,45.586801
4.0,51,45.605337
8.4,86,45.639173
8.4,86,45.673037
6.7,69,45.702336
8.4,86,45.73417
4.1,52,45.754201
3.9,50,45.773476
8.4,86,45.805331
8.4,86,45.8385
12.9,122,45.883914
3.9,50,45.902565
8.4,86,45.934587
9.2,94,45.970302
8.4,86,46.002511
12.9,122,46.048741
8.4,86,46.082128
8.4,86,46.115186
6.4,66,46.1397
8.4,86,46.172708
6.3,65,46.198034
12.9,122,46.25127
6.1,63,46.275589
9.5,97,46.312328
8.4,86,46.346612
8.4,86,46.380202
3.9,50,46.400404
8.4,86,46.433579
3.9,50,46.454512
2.0,31,46.469062
8.4,86,46.503169
2.0,31,46.515604
8.4,86,46.548038
4.7,58,46.573495
8.4,86,46.605922
8.4,86,46.649585
8.9,91,46.68877
4.9,60,46.711248
6.8,70,46.738081
4.7,58,46.760407
3.9,50,46.77892
6.3,65,46.803221
6.4,66,46.828966
6.0,62,46.856664
6.7,69,46.889243
11.0,103,46.92773
8.4,86,46.960675
8.4,86,46.993119
3.9,50,47.012285
6.6,68,47.038756
17.9,163,47.106549
8.4,86,47.142067
10.8,101,47.18386
12.9,122,47.232657
3.9,50,47.252619
8.4,86,47.286231
6.6,68,47.312051
6.6,68,47.337682
17.9,163,47.399878
8.4,86,47.43201
6.0,62,47.45569
6.5,67,47.480083
6.1,63,47.503659
20.8,183,47.573196
6.8,70,47.599349
6.8,70,47.628785
3.9,50,47.646954
8.4,86,47.680036
8.4,86,47.712431
4.9,60,47.735786
12.9,122,47.782293
8.4,86,47.814415
8.4,86,47.846984
12.9,122,47.893028
8.4,86,47.929933
3.9,50,47.948575
8.4,86,47.981734
6.2,64,48.006087
6.6,68,48.032057
4.5,56,48.053102
8.6,88,48.086257
-3.3,50,48.106941
12.9,122,48.154023
8.4,86,48.186634
20.2,177,48.256652
8.4,86,48.291363
3.9,50,48.310633
4.6,57,48.331875
12.9,122,48.378675
8.4,86,48.411616
8.5,87,48.445437
20.8,183,48.518014
6.7,69,48.546597
6.0,62,48.569824
12.9,122,48.618907
6.1,63,48.643225
8.4,86,48.680607
6.7,69,48.706909
6.0,62,48.730994
4.6,57,48.752016
4.7,58,48.773455
11.0,103,48.812372
-6.3,50,48.831693
8.4,86,48.864039
8.4,86,48.896868
12.9,122,48.942404
6.1,63,48.966559
8.4,86,48.998247
8.4,86,49.031287
27.9,245,49.124237
8.4,86,49.156885
-3.3,50,49.174969
12.9,122,49.221878
8.4,86,49.254245
8.4,86,49.291049
6.8,70,49.322736
3.9,50,49.342919
6.2,64,49.367578
6.8,70,49.39532
10.8,101,49.438962
4.9,60,49.46223
12.9,122,49.510718
17.9,163,49.574939
8.7,89,49.608843
3.9,50,49.628674
9.0,92,49.663835
4.9,60,49.686747
8.4,86,49.720484
6.6,68,49.746985
8.4,86,49.780904
8.4,86,49.814017
-0.3,50,49.831997
6.6,68,49.857968
8.4,86,49.891057
8.4,86,49.922811
6.1,63,49.946836
8.4,86,49.98288
8.4,86,50.016959
3.9,50,50.036746
6.4,66,50.062059
6.0,62,50.087739
8.4,86,50.124835
3.9,50,50.146922
5.0,61,50.169783
5.0,61,50.192533
6.6,68,50.218811
6.4,66,50.244574
6.1,63,50.267368
4.4,55,50.289989
8.4,86,50.323591
10.9,102,50.362081
8.4,86,50.395152
12.9,122,50.441046
4.9,60,50.463559
8.4,86,50.497997
6.5,67,50.524874
12.9,122,50.571687
3.9,50,50.590024
3.9,50,50.60963
12.9,122,50.655047
8.4,86,50.688053
3.9,50,50.706518
8.5,87,50.746742
5.0,61,50.770116
12.9,122,50.817358
8.4,86,50.849717
8.4,86,50.883285
8.4,86,50.916099
8.4,86,50.948792
8.4,86,50.980899
8.4,86,51.014367
9.3,95,51.050788
3.9,50,51.069552
8.8,90,51.104837
8.4,86,51.137236
8.4,86,51.170686
12.9,122,51.222476
10.5,98,51.265764
20.7,182,51.334674
4.0,51,51.353958
8.4,86,51.386391
10.6,99,51.423952
12.9,122,51.470659
4.4,55,51.490562
6.7,69,51.517946
-6.3,50,51.536507
8.4,86,51.575458
3.9,50,51.594142
6.2,64,51.619143
4.9,60,51.641743
4.2,53,51.661631
6.3,65,51.686855
23.1,206,51.765615
8.4,86,51.799249
3.9,50,51.818222
8.4,86,51.851617
12.9,122,51.897575
4.8,59,51.920402
8.4,86,51.956688
8.4,86,51.990173
8.4,86,52.023066
8.4,86,52.058336
6.3,65,52.088885
8.7,89,52.122757
8.4,86,52.156438
8.4,86,52.188946
5.0,61,52.212837
6.1,63,52.235642
12.9,122,52.28563
6.3,65,52.31064
12.9,122,52.357576
12.9,122,52.403644
8.4,86,52.436902
3.9,50,52.455436
4.5,56,52.478341
8.4,86,52.511717
10.9,102,52.55081
8.4,86,52.58409
12.9,122,52.631157
8.4,86,52.667128
8.4,86,52.699903
13.2,125,52.748246
4.5,56,52.770579
4.9,60,52.794329
3.9,50,52.813593
11.1,104,52.853118
5.0,61,52.8762
10.8,101,52.915192
3.9,50,52.93418
4.4,55,52.955222
8.7,89,52.988576
3.9,50,53.007176
6.5,67,53.032821
8.4,86,53.065974
4.2,53,53.085807
3.9,50,53.105415
6.4,66,53.130521
4.4,55,53.151313
4.0,51,53.169659
2.0,31,53.181978
8.4,86,53.215095
3.9,50,53.233413
3.9,50,53.25308
8.4,86,53.285345
3.9,50,53.304281
6.0,62,53.32752
10.6,99,53.364857
3.9,50,53.383499
4.0,51,53.403342
8.4,86,53.436019
8.4,86,53.467956
8.4,86,53.500876
3.9,50,53.519251
4.9,60,53.541976
6.0,62,53.565578
3.9,50,53.584166
2.0,31,53.596477
4.9,60,53.622673
3.9,50,53.642531
8.5,87,53.679728
4.4,55,53.701011
2.0,31,53.713096
8.8,90,53.747103
8.4,86,53.780599
4.6,57,53.802821
2.0,31,53.815179
12.9,122,53.862135
3.9,50,53.88212
3.9,50,53.901075
3.9,50,53.921021
3.9,50,53.939818
2.0,31,53.952617
8.5,87,53.985608
3.9,50,54.003848
4.5,56,54.025156
8.4,86,54.057997
2.0,31,54.069351
2.0,31,54.081253
8.4,86,54.119143
3.9,50,54.141526
3.9,50,54.165221
2.0,31,54.178878
4.0,51,54.198589
2.0,31,54.21083
8.4,86,54.243063
2.0,31,54.255533
2.0,31,54.267612
12.9,122,54.313391
2.0,31,54.325994
2.0,31,54.338066
2.0,31,54.350289
8.4,86,54.525639
4.3,54,54.559488
3.9,50,54.584544
8.4,86,54.620765
3.9,50,54.649767
4.0,51,54.67726
2.0,31,54.693805
2.0,31,54.70945
2.0,31,54.72566
2.0,31,54.739725
8.4,86,54.773034
2.0,31,54.785218
4.6,57,54.806879
3.6,47,54.825683
2.0,31,54.838615
2.0,31,54.852659
3.9,50,54.871245
4.4,55,54.892248
3.9,50,54.912573
3.9,50,54.935262
6.1,63,54.959501
2.0,31,54.971373
3.8,49,54.995051
2.0,31,55.006695
2.0,31,55.018696
3.9,50,55.038098
4.0,51,55.056861
3.9,50,55.07618
2.0,31,55.088289
2.0,31,55.09932
4.0,51,55.119042
3.9,50,55.138264
3.6,47,55.155734
8.4,86,55.190432
3.9,50,55.211326
3.9,50,55.230595
3.9,50,55.249057
3.9,50,55.268598
6.4,66,55.295979
2.0,31,55.310781
4.0,51,55.334472
3.9,50,55.354202
4.0,51,55.373796
4.2,53,55.393712
3.9,50,55.413457
3.9,50,55.432304
3.9,50,55.451915
3.9,50,55.470749
3.9,50,55.490644
3.9,50,55.509274
3.9,50,55.52915
3.9,50,55.548565
8.9,91,55.584612
4.8,59,55.607638
3.9,50,55.62658
4.3,54,55.647272
3.9,50,55.665731
3.9,50,55.685143
3.0,41,55.700283
4.5,56,55.725265
3.9,50,55.744522
3.9,50,55.762966
3.9,50,55.782776
3.9,50,55.801694
3.9,50,55.820652
3.9,50,55.839228
3.9,50,55.858357
4.7,58,55.879533
3.9,50,55.898646
8.4,86,55.930388
2.0,31,55.942396
8.4,86,55.973998
4.3,54,55.994703
3.9,50,56.013072
4.7,58,56.035234
4.9,60,56.057152
3.9,50,56.075372
8.4,86,56.108161
8.4,86,56.139742
4.0,51,56.15946
3.9,50,56.189221
3.9,50,56.20819
10.7,100,56.246957
3.9,50,56.266758
4.2,53,56.286434
17.9,163,56.349015
8.4,86,56.38213
6.0,62,56.405992
3.9,50,56.424438
4.5,56,56.445403
8.6,88,56.478847
4.9,60,56.501487
3.9,50,56.520388
3.9,50,56.538926
3.9,50,56.559898
6.0,62,56.583246
4.4,55,56.604273
4.6,57,56.626268
10.7,100,56.665009
4.7,58,56.68755
8.4,86,56.720137
3.9,50,56.739818
10.6,99,56.778113
8.5,87,56.813695
15.0,134,56.865382
3.9,50,56.883611
3.9,50,56.902809
12.9,122,56.948917
2.0,31,56.961118
3.9,50,56.979668
3.9,50,56.999238
3.9,50,57.017533
3.9,50,57.036708
3.9,50,57.055011
3.9,50,57.074941
3.9,50,57.093233
3.9,50,57.112652
3.9,50,57.131129
8.4,86,57.164009
6.6,68,57.189998
15.1,135,57.241535
6.4,66,57.266166
4.8,59,57.288431
12.9,122,57.334618
3.9,50,57.354142
9.5,97,57.391613
8.5,87,57.424932
4.8,59,57.446993
22.4,199,57.521375
12.9,122,57.567514
3.9,50,57.585798
12.9,122,57.633135
8.4,86,57.665642
3.9,50,57.685408
3.9,50,57.70547
4.8,59,57.728073
8.4,86,57.761576
8.4,86,57.800868
4.9,60,57.828762
3.9,50,57.848342
10.7,100,57.892001
8.4,86,57.925421
4.3,54,57.946169
12.9,122,57.992249
3.9,50,58.011872
17.9,163,58.073166
6.2,64,58.09735
8.4,86,58.130627
3.9,50,58.148791
4.6,57,58.17083
4.0,51,58.189235
4.2,53,58.210012
4.3,54,58.230217
4.0,51,58.249845
12.9,122,58.295379
3.9,50,58.31463
3.9,50,58.334202
3.9,50,58.353709
8.4,86,58.385386
3.9,50,58.404828
8.4,86,58.439803
8.4,86,58.473371
3.9,50,58.49396
3.9,50,58.513415
4.7,58,58.534745
3.9,50,58.554332
8.4,86,58.586324
3.9,50,58.605583
6.1,63,58.62949
3.9,50,58.648014
8.4,86,58.681032
3.9,50,58.699589
3.9,50,58.71932
3.9,50,58.73763
3.9,50,58.757065
3.9,50,58.775747
3.9,50,58.795156
3.9,50,58.813762
4.3,54,58.834782
3.9,50,58.853156
3.9,50,58.873194
12.9,122,58.922442
3.9,50,58.941962
18.0,164,59.01407
3.9,50,59.036566
8.5,87,59.077217
8.4,86,59.11196
4.0,51,59.134221
12.9,122,59.18182
3.9,50,59.202741
3.9,50,59.225097
3.9,50,59.243728
3.9,50,59.262952
8.4,86,59.295691
3.9,50,59.315375
3.9,50,59.333984
12.9,122,59.38574
12.9,122,59.439308
3.9,50,59.459875
3.9,50,59.478287
3.9,50,59.497573
3.9,50,59.517452
-5.7,50,59.539161
6.1,63,59.562232
27.0,236,59.658389
8.4,86,59.69189
3.9,50,59.710288
3.9,50,59.731368
8.4,86,59.764895
3.9,50,59.78666
8.4,86,59.823671
3.9,50,59.842707
3.9,50,59.864286
3.9,50,59.886489
4.7,58,59.90761
3.9,50,59.926578
4.5,56,59.947649
3.9,50,59.965963
3.9,50,59.985335
3.9,50,60.003695
12.9,122,60.050121
3.9,50,60.068655
8.4,86,60.10203
3.9,50,60.120917
3.9,50,60.140506
11.1,104,60.180616
3.9,50,60.198819
3.9,50,60.218507
4.1,52,60.238118
3.9,50,60.256532
3.9,50,60.275906
3.9,50,60.294329
3.9,50,60.313117
4.9,60,60.33621
3.9,50,60.354731
3.9,50,60.374268
-0.9,50,60.392612
3.9,50,60.411938
3.9,50,60.430566
3.9,50,60.450183
3.9,50,60.469603
3.9,50,60.488691
3.9,50,60.507103
3.9,50,60.526445
8.4,86,60.561761
3.9,50,60.581784
8.9,91,60.617666
1.5,50,60.636286
2.0,31,60.648662
3.9,50,60.66701
-0.9,50,60.686559
2.0,31,60.698462
4.0,51,60.71823
3.9,50,60.73901
3.9,50,60.757696
3.9,50,60.777193
3.9,50,60.795941
3.9,50,60.815308
3.9,50,60.833848
2.0,31,60.845922
8.8,90,60.881035
3.9,50,60.899868
3.9,50,60.919446
8.4,86,60.951378
9.2,94,60.987679
-2.1,50,61.006522
3.9,50,61.02593
-0.9,50,61.04467
3.9,50,61.0643
2.1,50,61.08285
3.9,50,61.10202
3.9,50,61.120873
3.9,50,61.140231
12.9,122,61.186129
3.9,50,61.205285
8.4,86,61.23841
4.1,52,61.259104
3.9,50,61.278448
3.9,50,61.29695
2.0,31,61.309005
3.9,50,61.327322
-3.9,50,61.346407
4.7,58,61.367293
6.2,64,61.390795
3.9,50,61.409393
-6.3,50,61.427649
3.9,50,61.44681
3.9,50,61.464876
3.9,50,61.484106
3.9,50,61.502502
4.1,52,61.521938
5.0,61,61.545148
0.3,50,61.563174
10.7,100,61.600437
-8.1,50,61.619955
3.9,50,61.638152
4.5,56,61.659155
3.9,50,61.678344
3.9,50,61.69663
4.6,57,61.717834
6.2,64,61.741961
3.9,50,61.761284
8.4,86,61.793327
8.4,86,61.826567
8.4,86,61.858488
3.9,50,61.877971
2.0,31,61.889874
3.9,50,61.908199
-5.7,50,61.927475
2.0,31,61.938611
2.0,31,61.950463
3.9,50,61.969648
3.9,50,61.988558
3.9,50,62.007444
2.0,31,62.018515
-2.1,50,62.037356
3.9,50,62.055526
3.9,50,62.074881
3.9,50,62.093033
-0.9,50,62.112502
3.9,50,62.130845
3.9,50,62.150086
8.6,88,62.182963
9.4,96,62.219341
3.9,50,62.237469
3.9,50,62.256633
3.9,50,62.275136
3.9,50,62.29445
0.3,50,62.312647
-0.9,50,62.332033
-4.5,50,62.35023
3.9,50,62.374382
3.9,50,62.393681
-5.7,50,62.413964
3.9,50,62.433573
3.9,50,62.45269
3.9,50,62.470995
9.2,94,62.507521
3.9,50,62.525706
3.9,50,62.544857
3.9,50,62.564121
8.4,86,62.600684
3.9,50,62.621054
4.5,56,62.642826
3.9,50,62.662588
3.9,50,62.681128
13.7,130,62.731701
3.9,50,62.750467
3.9,50,62.774609
8.4,86,62.807369
8.4,86,62.840397
18.3,167,62.908152
-4.5,50,62.9267
3.9,50,62.946202
6.0,62,62.969436
-5.7,50,62.989312
2.1,50,63.008567
-5.7,50,63.027777
3.9,50,63.046279
26.9,235,63.13583
6.1,63,63.160366
8.7,89,63.193881
3.9,50,63.214144
3.9,50,63.234071
-5.7,50,63.252688
3.9,50,63.272272
4.1,52,63.292045
3.9,50,63.311025
-8.7,50,63.33064
3.9,50,63.349363
13.1,124,63.397131
11.1,104,63.437506
8.4,86,63.471189
4.4,55,63.493007
4.0,51,63.512188
4.4,55,63.534299
9.3,95,63.57135
3.9,50,63.590179
3.9,50,63.609874
-1.5,50,63.629311
4.0,51,63.650026
3.9,50,63.669698
3.9,50,63.688257
3.9,50,63.70779
8.5,87,63.74064
8.5,87,63.77467
3.9,50,63.794549
3.9,50,63.813319
6.3,65,63.838523
12.9,122,63.886565
18.4,168,63.951797
4.0,51,63.971457
4.4,55,63.99152
12.9,122,64.038211
1.5,50,64.056694
15.0,134,64.109722
3.9,50,64.128719
3.9,50,64.148203
3.9,50,64.167187
8.4,86,64.200853
3.9,50,64.219841
3.9,50,64.239252
6.1,63,64.263986
8.4,86,64.297141
4.6,57,64.321172
3.9,50,64.341615
8.4,86,64.374229
3.9,50,64.394265
8.4,86,64.427126
12.9,122,64.474765
13.8,131,64.525996
12.9,122,64.572397
3.9,50,64.592112
3.9,50,64.611312
12.9,122,64.658943
3.9,50,64.678135
3.9,50,64.700117
2.0,31,64.712425
3.9,50,64.733287
3.9,50,64.752432
3.9,50,64.771961
4.1,52,64.793983
-8.1,50,64.815376
9.2,94,64.852451
4.7,58,64.874129
8.4,86,64.908693
4.2,53,64.928372
18.4,168,64.991175
3.9,50,65.010436
8.5,87,65.042552
6.1,63,65.066446
3.9,50,65.086592
3.9,50,65.104935
3.9,50,65.124114
4.1,52,65.143784
8.4,86,65.175486
4.9,60,65.197912
8.4,86,65.230663
6.1,63,65.253485
4.1,52,65.272952
3.9,50,65.2921
3.9,50,65.310306
3.9,50,65.329894
8.4,86,65.361814
8.4,86,65.394422
4.4,55,65.41546
3.9,50,65.433906
3.9,50,65.454524
3.9,50,65.473458
11.1,104,65.513512
3.9,50,65.532988
3.9,50,65.551683
4.7,58,65.574328
4.8,59,65.595908
-0.9,50,65.615356
13.0,123,65.66548
3.9,50,65.689204
3.9,50,65.710338
3.9,50,65.729581
34.1,289,65.843304
18.9,173,65.9102
3.9,50,65.92849
4.7,58,65.950845
-2.1,50,65.968963
13.0,123,66.015474
12.9,122,66.060947
6.5,67,66.086437
3.9,50,66.105251
3.9,50,66.123875
13.3,126,66.171413
3.9,50,66.189664
3.9,50,66.209443
3.9,50,66.229494
3.9,50,66.250329
3.9,50,66.269691
8.9,91,66.304803
3.9,50,66.323411
3.9,50,66.343442
3.9,50,66.362735
8.4,86,66.396511
3.9,50,66.415621
8.4,86,66.450163
9.0,92,66.486112
8.4,86,66.519066
8.4,86,66.555555
8.7,89,66.590105
4.2,53,66.609946
6.3,65,66.636029
-0.9,50,66.655944
3.9,50,66.675514
11.3,106,66.715542
3.9,50,66.735105
3.9,50,66.753639
9.5,97,66.790618
8.4,86,66.824273
3.9,50,66.843095
3.9,50,66.863155
4.4,55,66.884421
6.0,62,66.907586
4.4,55,66.929107
3.9,50,66.947669
-6.3,50,66.966968
8.4,86,66.999588
4.7,58,67.022842
3.9,50,67.041649
13.9,132,67.092406
8.9,91,67.127415
4.6,57,67.148969
8.4,86,67.181845
4.9,60,67.204933
3.9,50,67.223655
3.9,50,67.242879
3.9,50,67.261259
9.2,94,67.297688
3.9,50,67.316206
3.9,50,67.335865
3.9,50,67.35556
3.9,50,67.374821
6.4,66,67.399501
11.3,106,67.440974
3.9,50,67.467416
4.4,55,67.507313
8.4,86,67.568521
3.9,50,67.603245
9.0,92,67.660784
9.1,93,67.702018
3.9,50,67.740335
5.0,61,67.782374
3.9,50,67.821889
6.0,62,67.854183
3.9,50,67.876261
4.7,58,67.918077
3.9,50,67.949255
4.5,56,67.981229
8.4,86,68.018414
3.9,50,68.039546
4.4,55,68.061579
3.9,50,68.08109
8.4,86,68.113016
4.2,53,68.133682
8.4,86,68.170232
8.4,86,68.205082
8.4,86,68.236993
3.9,50,68.256036
6.4,66,68.280458
8.4,86,68.317092
4.3,54,68.337976
12.9,122,68.389534
3.9,50,68.409277
8.4,86,68.442481
8.4,86,68.474253
6.4,66,68.499481
4.5,56,68.521906
4.7,58,68.543757
29.1,248,68.637873
3.9,50,68.65706
3.9,50,68.675287
-4.5,50,68.694468
6.4,66,68.718635
3.9,50,68.737672
3.9,50,68.755948
26.9,235,68.849621
17.9,163,68.940321
18.6,170,69.047372
12.9,122,69.130196
8.4,86,69.176031
8.4,86,69.224041
17.9,163,69.289253
24.8,214,69.389297
3.9,50,69.527163
17.9,163,69.611108
6.7,69,69.644664
6.1,63,69.675559
13.3,126,69.731648
8.4,86,69.767293
6.0,62,69.791815
4.5,56,69.812836
4.2,53,69.833004
8.4,86,69.865018
5.0,61,69.888933
8.4,86,69.921888
9.2,94,69.959943
4.2,53,69.980543
4.8,59,70.003298
13.0,123,70.049675
5.0,61,70.074857
3.9,50,70.09391
3.9,50,70.118615
8.5,87,70.152773
4.2,53,70.176678
8.4,86,70.211188
11.2,105,70.25221
3.9,50,70.276315
3.9,50,70.299994
8.4,86,70.342609
6.1,63,70.371052
4.7,58,70.397566
6.1,63,70.428428
4.4,55,70.454697
6.4,66,70.485606
5.0,61,70.514506
3.9,50,70.538787
6.6,68,70.570814
6.3,65,70.601556
9.2,94,70.646569
3.9,50,70.669542
8.4,86,70.710578
3.9,50,70.733789
8.4,86,70.775117
4.1,52,70.799112
6.8,70,70.832283
4.8,59,70.860178
3.9,50,70.882732
4.2,53,70.908293
3.9,50,70.93109
6.0,62,70.960283
4.4,55,70.985338
6.7,69,71.018449
8.4,86,71.059806
8.4,86,71.100129
12.9,122,71.155118
3.9,50,71.178397
13.1,124,71.237716
8.4,86,71.277215
10.7,100,71.324231
3.9,50,71.348161
8.4,86,71.38752
9.5,97,71.431866
3.9,50,71.455235
8.4,86,71.493994
15.8,142,71.560402
9.0,92,71.602987
8.4,86,71.6433
8.7,89,71.686857
3.9,50,71.709784
12.9,122,71.76743
8.6,88,71.808565
4.7,58,71.835124
2.0,31,71.849865
3.9,50,71.872181
4.2,53,71.897817
6.4,66,71.927758
13.3,126,71.986511
8.4,86,72.025737
3.9,50,72.048979
8.4,86,72.088443
14.0,133,72.149937
3.9,50,72.173666
18.1,165,72.250154
8.4,86,72.290656
3.9,50,72.314696
8.4,86,72.355947
12.9,122,72.410754
8.6,88,72.451739
2.2,33,72.466927
4.8,59,72.493897
4.8,59,72.520358
12.9,122,72.57519
3.9,50,72.599069
4.5,56,72.624276
13.6,129,72.683019
6.2,64,72.712229
2.0,31,72.726951
4.7,58,72.752704
12.9,122,72.809732
6.4,66,72.841371
8.4,86,72.881857
4.3,54,72.906505
8.4,86,72.948155
3.9,50,72.971089
3.9,50,72.995218
3.9,50,73.018293
4.4,55,73.044495
3.9,50,73.071709
3.9,50,73.094824
4.2,53,73.116249
3.9,50,73.136174
8.4,86,73.169049
4.8,59,73.192159
3.9,50,73.212329
5.0,61,73.236068
3.9,50,73.255223
8.4,86,73.288739
4.5,56,73.311849
3.9,50,73.334949
6.7,69,73.367603
3.9,50,73.390807
6.4,66,73.422948
3.9,50,73.44509
3.9,50,73.468128
3.9,50,73.490338
8.4,86,73.530906
9.0,92,73.57371
3.9,50,73.596436
3.9,50,73.620002
8.4,86,73.659097
3.9,50,73.682766
3.9,50,73.705033
3.9,50,73.72882
3.9,50,73.75159
3.9,50,73.775067
3.9,50,73.797519
8.4,86,73.83708
3.9,50,73.85962
22.4,199,73.950982
3.9,50,73.975286
3.9,50,73.999086
3.9,50,74.021451
3.9,50,74.045619
3.9,50,74.06907
4.0,51,74.093429
3.9,50,74.117322
13.5,128,74.17755
3.9,50,74.200861
3.9,50,74.225041
8.4,86,74.266158
4.5,56,74.292095
4.6,57,74.318766
3.9,50,74.342617
3.9,50,74.365808
3.9,50,74.390154
11.1,104,74.439311
3.9,50,74.461361
3.9,50,74.484154
3.9,50,74.506613
3.9,50,74.530037
3.9,50,74.55371
3.9,50,74.576871
6.7,69,74.607897
8.7,89,74.648675
3.9,50,74.672468
4.1,52,74.696348
3.9,50,74.718411
3.9,50,74.742007
3.9,50,74.764838
12.9,122,74.822362
8.7,89,74.863432
8.4,86,74.90468
3.9,50,74.927087
9.1,93,74.970083
3.9,50,74.994043
6.6,68,75.025717
12.9,122,75.08161
3.9,50,75.105674
6.8,70,75.137555
4.5,56,75.163663
3.9,50,75.187435
3.9,50,75.210263
3.9,50,75.234046
3.9,50,75.255971
3.9,50,75.279131
13.6,129,75.337413
6.6,68,75.37028
3.9,50,75.394009
10.8,101,75.439195
3.9,50,75.461126
3.9,50,75.484589
3.9,50,75.507291
3.9,50,75.531275
3.9,50,75.553782
3.9,50,75.577222
8.8,90,75.618573
3.9,50,75.642278
4.6,57,75.668413
8.4,86,75.709081
8.4,86,75.747203
3.9,50,75.770292
3.9,50,75.791926
3.9,50,75.815929
3.9,50,75.838523
6.4,66,75.868952
11.1,104,75.917372
3.9,50,75.93977
6.7,69,75.971209
6.2,64,76.000485
3.9,50,76.024094
12.9,122,76.079675
3.9,50,76.103416
8.8,90,76.144483
3.9,50,76.168177
8.4,86,76.207713
3.9,50,76.231541
3.9,50,76.253968
6.4,66,76.284988
3.9,50,76.307394
3.9,50,76.331064
3.9,50,76.353907
3.9,50,76.377833
3.9,50,76.400293
3.9,50,76.423952
8.4,86,76.465021
3.9,50,76.488306
3.9,50,76.510999
3.9,50,76.534334
6.4,66,76.564342
3.9,50,76.587868
3.9,50,76.610635
3.9,50,76.63403
3.9,50,76.656356
4.6,57,76.683336
3.9,50,76.705932
3.9,50,76.729374
3.9,50,76.752234
4.1,52,76.776668
3.9,50,76.80073
3.9,50,76.823981
3.9,50,76.848272
3.9,50,76.871033
3.9,50,76.894852
3.9,50,76.917971
3.9,50,76.941578
3.9,50,76.96527
3.9,50,76.989174
4.7,58,77.016063
3.9,50,77.039548
3.9,50,77.062229
3.9,50,77.086134
3.9,50,77.109202
2.0,31,77.124147
3.9,50,77.146952
3.9,50,77.17169
3.9,50,77.194843
3.9,50,77.219653
3.9,50,77.24268
3.9,50,77.266618
3.9,50,77.289412
17.9,163,77.366738
3.9,50,77.390883
3.9,50,77.413986
4.2,53,77.439126
8.4,86,77.480275
8.4,86,77.520604
3.9,50,77.544776
8.4,86,77.584325
11.0,103,77.633124
6.0,62,77.662475
3.9,50,77.687889
8.4,86,77.72817
3.9,50,77.750338
13.2,125,77.804703
3.9,50,77.828213
3.9,50,77.850398
8.4,86,77.890414
3.9,50,77.912929
3.9,50,77.936422
3.9,50,77.959251
3.9,50,77.982481
3.9,50,78.004814
3.9,50,78.028607
8.4,86,78.069816
4.9,60,78.098022
8.6,88,78.140576
3.9,50,78.165352
36.9,317,78.316437
-4.5,50,78.340383
4.8,59,78.367514
3.9,50,78.391772
12.9,122,78.448128
8.4,86,78.488108
8.4,86,78.527789
8.4,86,78.569177
3.9,50,78.592195
3.9,50,78.61706
8.4,86,78.657364
8.4,86,78.697752
12.9,122,78.755096
12.9,122,78.812143
3.9,50,78.834565
3.9,50,78.858006
6.4,66,78.888109
4.3,54,78.913631
3.9,50,78.936188
3.9,50,78.960147
8.4,86,79.000072
8.4,86,79.04074
3.9,50,79.063757
3.9,50,79.0879
4.9,60,79.115431
3.9,50,79.138054
6.3,65,79.168901
8.6,88,79.209307
3.9,50,79.231836
3.9,50,79.255085
3.9,50,79.277849
4.6,57,79.303381
12.9,122,79.36091
8.4,86,79.400279
3.9,50,79.423842
3.9,50,79.446859
8.4,86,79.486912
8.5,87,79.527722
3.9,50,79.551052
2.0,31,79.566105
3.9,50,79.589982
5.0,61,79.619168
3.9,50,79.641609
3.9,50,79.665868
6.0,62,79.694304
6.3,65,79.724179
-5.7,50,79.74754
3.9,50,79.770305
9.0,92,79.812915
12.9,122,79.86909
13.0,123,79.925601
3.9,50,79.948006
3.9,50,79.970953
8.5,87,80.011317
8.4,86,80.051013
8.4,86,80.09276
3.9,50,80.117642
3.9,50,80.141401
3.9,50,80.166637
12.9,122,80.225009
6.1,63,80.256127
8.4,86,80.297859
3.9,50,80.321255
20.3,178,80.407884
6.0,62,80.436588
3.9,50,80.460932
3.9,50,80.48422
8.4,86,80.526716
3.9,50,80.549733
3.9,50,80.573617
22.4,199,80.667378
8.4,86,80.707473
3.9,50,80.729998
8.4,86,80.770258
3.9,50,80.792847
2.0,31,80.807664
4.4,55,80.832824
3.9,50,80.855433
3.9,50,80.879126
6.2,64,80.90848
8.4,86,80.947709
3.9,50,80.971887
3.9,50,80.994569
2.0,31,81.009532
9.3,95,81.054115
2.0,31,81.069887
22.4,199,81.162149
6.0,62,81.191695
8.4,86,81.23101
3.9,50,81.254234
3.9,50,81.275963
3.9,50,81.299198
2.0,31,81.313727
3.9,50,81.335919
3.9,50,81.359607
8.4,86,81.398374
8.4,86,81.438678
2.0,31,81.452189
8.9,91,81.492845
3.9,50,81.516164
17.9,163,81.589405
8.4,86,81.628701
2.0,31,81.643109
3.9,50,81.66534
2.0,31,81.679859
3.9,50,81.702161
8.4,86,81.742522
3.9,50,81.765429
3.9,50,81.789055
2.0,31,81.80385
2.0,31,81.817666
3.9,50,81.841214
12.9,122,81.898328
8.4,86,81.938861
3.9,50,81.961365
2.0,31,81.976659
4.3,54,82.002173
8.8,90,82.043805
3.9,50,82.067652
6.8,70,82.099464
3.9,50,82.122827
3.9,50,82.144811
2.6,37,82.162808
3.9,50,82.186265
8.6,88,82.227355
3.9,50,82.250017
8.4,86,82.290451
6.8,70,82.323118
3.9,50,82.348422
3.9,50,82.371485
8.4,86,82.412206
3.9,50,82.435488
6.7,69,82.470297
13.4,127,82.527474
8.4,86,82.567494
2.7,50,82.58982
3.9,50,82.61325
6.2,64,82.643041
9.4,96,82.688281
8.4,86,82.727063
3.9,50,82.751664
9.2,94,82.794758
12.9,122,82.853604
8.4,86,82.894454
17.9,163,82.971209
2.0,31,82.986039
3.9,50,83.009253
8.5,87,83.050583
4.4,55,83.076361
12.9,122,83.132221
8.4,86,83.172593
3.9,50,83.195254
12.9,122,83.252984
3.9,50,83.275294
3.9,50,83.299601
4.7,58,83.325721
3.9,50,83.349948
6.7,69,83.38154
8.7,89,83.422899
3.9,50,83.446836
3.9,50,83.469351
8.4,86,83.509548
6.4,66,83.540562
4.1,52,83.564937
11.3,106,83.612313
12.9,122,83.668518
6.0,62,83.697672
4.8,59,83.725291
-2.7,50,83.74828
11.3,106,83.797448
13.2,125,83.854926
8.4,86,83.894827
4.5,56,83.920641
6.3,65,83.951647
8.4,86,83.991219
4.1,52,84.015046
10.9,102,84.063151
4.7,58,84.090278
8.4,86,84.130455
3.9,50,84.153753
3.9,50,84.178138
4.6,57,84.204775
6.1,63,84.234884
3.9,50,84.259161
4.8,59,84.288052
8.4,86,84.326131
3.9,50,84.348833
3.9,50,84.370581
8.4,86,84.409667
-2.1,50,84.568824
10.9,102,84.624226
3.9,50,84.647565
8.9,91,84.69308
4.6,57,84.726748
1.5,50,84.753485
3.9,50,84.78001
4.2,53,84.808477
3.9,50,84.831192
4.7,58,84.861248
15.1,135,84.921721
-2.1,50,84.945263
3.9,50,84.967733
8.4,86,85.008937
2.0,31,85.023652
22.4,199,85.117651
11.1,104,85.166119
3.9,50,85.189626
8.4,86,85.2286
27.3,239,85.341805
3.9,50,85.365487
3.9,50,85.388467
28.0,246,85.504574
4.9,60,85.532473
3.9,50,85.554987
3.9,50,85.578373
-2.1,50,85.600879
8.8,90,85.643477
6.0,62,85.670767
3.9,50,85.691667
23.1,206,85.786642
12.9,122,85.84445
3.9,50,85.867772
8.4,86,85.907968
6.6,68,85.939302
6.3,65,85.96928
12.9,122,86.024314
6.5,67,86.055087
6.7,69,86.085873
6.4,66,86.116721
8.5,87,86.15689
8.4,86,86.195298
8.4,86,86.236055
10.8,101,86.282369
8.8,90,86.323299
6.5,67,86.354535
8.4,86,86.394611
3.9,50,86.416845
6.0,62,86.445636
3.9,50,86.46827
6.8,70,86.500551
13.0,123,86.558351
6.0,62,86.588385
8.4,86,86.627875
3.9,50,86.651814
3.9,50,86.675033
12.9,122,86.730233
4.7,58,86.754444
8.4,86,86.79444
5.0,61,86.82269
4.8,59,86.8499
8.5,87,86.889855
12.9,122,86.945591
12.9,122,87.001587
8.4,86,87.041151
3.9,50,87.064802
20.6,181,87.147915
4.8,59,87.176982
8.4,86,87.215562
6.0,62,87.24431
13.9,132,87.304102
3.9,50,87.326342
11.2,105,87.373698
6.0,62,87.402786
10.9,102,87.449532
17.9,163,87.52587
4.5,56,87.551784
8.4,86,87.591814
4.5,56,87.618707
8.4,86,87.657725
8.4,86,87.69715
4.1,52,87.720356
3.9,50,87.742185
3.9,50,87.765541
3.9,50,87.787841
6.0,62,87.816072
8.4,86,87.855633
8.4,86,87.896713
4.4,55,87.923701
4.4,55,87.949531
6.0,62,87.97868
3.9,50,88.001035
3.9,50,88.023833
4.4,55,88.047511
8.4,86,88.087925
3.9,50,88.110013
3.9,50,88.133084
12.9,122,88.187899
8.4,86,88.227545
3.9,50,88.250242
3.9,50,88.273177
3.9,50,88.295422
3.9,50,88.31857
-3.9,50,88.340258
3.9,50,88.363421
8.4,86,88.402124
4.4,55,88.427253
-3.9,50,88.450892
11.2,105,88.499777
4.7,58,88.525371
4.7,58,88.553127
3.9,50,88.57558
9.0,92,88.618337
8.4,86,88.658448
3.9,50,88.680783
12.9,122,88.73768
9.3,95,88.781299
9.3,95,88.824003
3.9,50,88.847815
4.7,58,88.875375
17.9,163,88.953789
12.9,122,89.009863
4.4,55,89.033576
5.0,61,89.061903
3.9,50,89.083523
3.9,50,89.10742
3.9,50,89.129851
3.9,50,89.152879
4.7,58,89.179261
3.9,50,89.202947
6.5,67,89.233067
12.9,122,89.289885
9.0,92,89.333872
12.9,122,89.39108
3.9,50,89.414661
17.9,163,89.493774
3.9,50,89.51677
3.9,50,89.540396
3.9,50,89.5632
3.9,50,89.586657
5.0,61,89.614814
6.3,65,89.645119
3.9,50,89.669048
3.9,50,89.69196
3.9,50,89.716074
3.9,50,89.739193
3.9,50,89.76384
0.3,50,89.786674
3.9,50,89.810805
3.9,50,89.833812
4.2,53,89.858065
3.9,50,89.881637
3.9,50,89.904689
8.4,86,89.946497
3.9,50,89.969456
3.9,50,89.993283
4.5,56,90.019404
9.3,95,90.063883
10.9,102,90.110811
8.4,86,90.151987
3.9,50,90.175287
9.0,92,90.218844
10.5,98,90.265944
3.9,50,90.284695
8.4,86,90.323123
26.9,235,90.435706
8.4,86,90.477467
6.6,68,90.509579
6.5,67,90.542133
8.4,86,90.582168
6.2,64,90.612384
3.9,50,90.636561
3.9,50,90.660416
8.4,86,90.702183
8.9,91,90.744673
6.7,69,90.778373
3.9,50,90.801627
4.6,57,90.82899
11.0,103,90.879165
8.4,86,90.920258
3.9,50,90.943585
5.0,61,90.972613
4.2,53,90.998467
4.9,60,91.026696
3.9,50,91.049076
3.9,50,91.072867
4.4,55,91.097149
18.3,167,91.176859
3.9,50,91.200675
4.1,52,91.224734
3.9,50,91.247294
3.9,50,91.271429
3.9,50,91.29555
8.4,86,91.335873
3.9,50,91.359024
9.1,93,91.401793
9.4,96,91.445849
8.4,86,91.485418
5.0,61,91.512829
4.0,51,91.536312
6.0,62,91.56458
3.9,50,91.587625
3.9,50,91.615808
3.9,50,91.639248
-3.3,50,91.661731
9.4,96,91.706754
10.6,99,91.75208
8.4,86,91.792866
6.0,62,91.82272
3.9,50,91.845481
3.9,50,91.86814
3.9,50,91.891655
8.4,86,91.930374
3.9,50,91.954102
3.9,50,91.975662
3.9,50,91.998837
-2.1,50,92.02046
3.9,50,92.046175
3.9,50,92.069446
6.5,67,92.09763
10.8,101,92.144147
3.9,50,92.16827
12.9,122,92.226146
3.9,50,92.250393
-2.1,50,92.272982
17.9,163,92.34891
3.9,50,92.371815
8.4,86,92.413162
17.9,163,92.48894
3.9,50,92.511901
3.9,50,92.535505
10.7,100,92.580436
8.4,86,92.618421
3.9,50,92.64158
3.9,50,92.663766
4.5,56,92.689155
3.9,50,92.711924
12.9,122,92.766989
8.4,86,92.806606
11.3,106,92.854282
9.5,97,92.898419
17.9,163,92.973882
4.9,60,93.00191
9.4,96,93.045874
6.7,69,93.077232
8.4,86,93.117153
3.9,50,93.139481
4.3,54,93.165061
4.8,59,93.193598
3.9,50,93.218091
4.3,54,93.244673
6.6,68,93.277149
6.8,70,93.309502
3.9,50,93.333641
3.9,50,93.356469
15.1,135,93.419638
3.9,50,93.442376
4.7,58,93.470119
3.9,50,93.492826
8.5,87,93.533527
4.7,58,93.561057
8.4,86,93.60114
8.4,86,93.641959
8.4,86,93.681917
6.3,65,93.711271
9.3,95,93.755199
8.4,86,93.795506
6.1,63,93.824016
3.9,50,93.847051
3.9,50,93.869406
4.6,57,93.896187
10.8,101,93.94166
3.9,50,93.963871
17.9,163,94.039931
3.9,50,94.06321
3.9,50,94.085824
3.9,50,94.109182
4.8,59,94.138652
4.6,57,94.165734
3.9,50,94.188484
4.5,56,94.213855
4.6,57,94.23964
12.9,122,94.296532
3.9,50,94.319557
3.9,50,94.343581
3.9,50,94.366863
4.4,55,94.392604
8.4,86,94.433224
4.3,54,94.460404
4.1,52,94.484262
3.9,50,94.508074
4.7,58,94.536853
6.6,68,94.569079
3.9,50,94.592706
3.9,50,94.615156
3.9,50,94.638279
8.4,86,94.676923
3.9,50,94.700011
3.9,50,94.722009
3.9,50,94.745368
8.4,86,94.783822
4.8,59,94.810794
8.4,86,94.848861
6.5,67,94.879688
3.9,50,94.90276
4.4,55,94.92647
3.9,50,94.946091
13.1,124,95.001831
12.9,122,95.058775
8.4,86,95.098742
3.9,50,95.121127
4.1,52,95.145328
3.9,50,95.169088
10.7,100,95.215517
8.4,86,95.254915
3.9,50,95.279039
3.9,50,95.302068
6.1,63,95.331554
3.9,50,95.355625
11.3,106,95.405148
4.5,56,95.432039
3.9,50,95.456162
3.9,50,95.479119
6.7,69,95.510843
3.9,50,95.535556
8.4,86,95.575535
3.9,50,95.5995
3.9,50,95.621654
8.4,86,95.661894
8.4,86,95.701329
6.3,65,95.732168
3.9,50,95.754788
4.8,59,95.782305
-2.1,50,95.804621
3.9,50,95.828459
8.4,86,95.867918
12.9,122,95.925328
3.9,50,95.947952
4.7,58,95.975367
3.9,50,95.99909
3.9,50,96.023061
8.4,86,96.062424
6.5,67,96.093566
3.9,50,96.117414
3.9,50,96.140301
6.6,68,96.171596
9.0,92,96.214363
4.1,52,96.238431
3.9,50,96.261797
3.9,50,96.284714
6.0,62,96.314122
6.6,68,96.346269
3.9,50,96.369066
13.5,128,96.429264
4.7,58,96.458792
3.9,50,96.481136
3.9,50,96.504108
3.9,50,96.526014
3.9,50,96.549314
3.9,50,96.571407
3.9,50,96.594607
4.1,52,96.617964
12.9,122,96.672541
3.9,50,96.695787
4.2,53,96.719127
10.8,101,96.764247
27.7,243,96.874118
3.9,50,96.896184
6.6,68,96.927341
6.0,62,96.956221
8.4,86,96.995779
11.1,104,97.043879
4.7,58,97.071084
6.0,62,97.098461
3.9,50,97.121505
9.1,93,97.164218
8.4,86,97.206111
18.1,165,97.284598
8.4,86,97.323054
3.9,50,97.34651
4.0,51,97.371241
8.4,86,97.410094
8.4,86,97.45081
8.4,86,97.490477
12.9,122,97.548324
3.9,50,97.571294
3.9,50,97.595131
8.6,88,97.636148
3.9,50,97.658168
3.9,50,97.681519
8.4,86,97.720358
22.4,199,97.812749
3.9,50,97.835901
8.4,86,97.875875
3.9,50,97.898486
8.4,86,97.939029
10.5,98,97.983649
3.9,50,98.00724
12.9,122,98.062276
4.6,57,98.088733
8.9,91,98.129598
3.9,50,98.153028
10.5,98,98.19773
3.9,50,98.22258
17.9,163,98.300443
8.4,86,98.341593
10.7,100,98.390767
4.8,59,98.417912
15.4,138,98.482123
15.2,136,98.545332
3.9,50,98.568926
17.9,163,98.645089
18.7,171,98.724268
20.5,180,98.810117
12.9,122,98.867846
10.8,101,98.915327
8.4,86,98.957888
8.7,89,99.001006
12.9,122,99.06026
15.2,136,99.129807
8.4,86,99.173467
8.4,86,99.21528
8.4,86,99.2581
4.5,56,99.285344
3.9,50,99.309249
3.9,50,99.334945
3.9,50,99.359063
8.4,86,99.404188
17.9,163,99.621207
3.9,50,99.64634
3.9,50,99.672115
3.9,50,99.696698
3.9,50,99.722282
3.9,50,99.748375
6.4,66,99.786127
3.9,50,99.810366
3.9,50,99.835799
12.9,122,99.897212
12.9,122,99.958186
4.0,51,99.982823
3.9,50,100.008835
26.9,235,100.128284
3.9,50,100.152673
12.9,122,100.214019
3.9,50,100.239061
3.9,50,100.264572
6.4,66,100.297971
3.9,50,100.324733
27.1,237,100.445295
8.4,86,100.484526
3.9,50,100.509093
3.9,50,100.533374
25.3,219,100.639981
3.9,50,100.664563
3.9,50,100.687969
3.9,50,100.712748
8.4,86,100.753458
12.9,122,100.813538
3.9,50,100.838441
3.9,50,100.865526
3.9,50,100.892338
6.0,62,100.924579
9.5,97,100.975748
3.9,50,101.001168
17.9,163,101.084402
8.5,87,101.129183
8.4,86,101.16999
3.9,50,101.193464
3.9,50,101.215398
3.9,50,101.236908
8.7,89,101.277358
3.9,50,101.300448
13.1,124,101.356799
6.3,65,101.39027
11.0,103,101.438886
8.4,86,101.478672
10.8,101,101.524873
6.1,63,101.554296
12.9,122,101.611189
17.9,163,101.686375
8.4,86,101.727042
9.3,95,101.771904
15.5,139,101.836417
20.6,181,101.923376
3.9,50,101.946167
4.0,51,101.97047
13.7,130,102.03021
8.4,86,102.070612
8.5,87,102.111293
8.4,86,102.15085
3.9,50,102.174904
8.4,86,102.214301
4.3,54,102.240215
8.4,86,102.280043
8.4,86,102.321735
6.7,69,102.353847
8.4,86,102.397777
4.3,54,102.424158
8.4,86,102.465654
12.9,122,102.524564
13.2,125,102.582665
12.9,122,102.640759
3.9,50,102.663588
13.8,131,102.72463
11.1,104,102.771895
3.9,50,102.794597
6.6,68,102.825292
12.9,122,102.88124
12.9,122,102.935655
3.9,50,102.958435
3.9,50,102.980353
12.9,122,103.036184
10.5,98,103.080159
2.6,37,103.097862
2.0,31,103.111121
2.0,31,103.125555
3.9,50,103.148326
-6.9,50,103.170276
3.9,50,103.193588
2.0,31,103.206981
3.9,50,103.230714
3.9,50,103.254296
13.9,132,103.316543
3.9,50,103.340134
6.0,62,103.369617
6.3,65,103.401533
3.9,50,103.425009
3.9,50,103.448917
3.9,50,103.472272
4.2,53,103.496719
4.0,51,103.521307
17.9,163,103.596887
3.9,50,103.619147
13.1,124,103.675512
3.9,50,103.698959
3.9,50,103.722094
3.9,50,103.74596
3.9,50,103.768842
6.1,63,103.798907
3.9,50,103.823161
3.9,50,103.845904
12.9,122,103.903299
13.4,127,103.962334
3.9,50,103.986131
13.3,126,104.045233
8.4,86,104.087179
3.9,50,104.110417
6.6,68,104.142825
3.9,50,104.167083
12.9,122,104.224889
3.9,50,104.249231
3.9,50,104.272937
9.3,95,104.318543
3.9,50,104.343018
23.2,207,104.437285
3.9,50,104.460628
8.4,86,104.498842
8.4,86,104.53911
10.7,100,104.584957
6.4,66,104.614551
8.4,86,104.654306
3.9,50,104.676498
3.9,50,104.699669
3.9,50,104.722564
8.4,86,104.763014
6.2,64,104.792751
8.4,86,104.832018
3.9,50,104.855634
9.0,92,104.899041
3.9,50,104.921548
6.5,67,104.952895
3.9,50,104.976737
8.4,86,105.016562
3.9,50,105.040407
22.4,199,105.133475
3.9,50,105.157497
3.9,50,105.180357
13.8,131,105.242292
4.4,55,105.268264
9.0,92,105.310051
3.9,50,105.332764
3.9,50,105.356173
6.7,69,105.387789
3.9,50,105.411444
8.8,90,105.452108
3.9,50,105.475802
9.2,94,105.518374
3.9,50,105.542116
6.3,65,105.572042
12.9,122,105.628157
3.9,50,105.651809
3.9,50,105.674195
3.9,50,105.69762
8.4,86,105.736708
2.0,31,105.751441
8.9,91,105.79385
4.0,51,105.817268
3.9,50,105.8387
2.2,33,105.851154
8.4,86,105.888767
2.0,31,105.9033
6.8,70,105.934494
8.4,86,105.97483
6.7,69,106.006719
3.9,50,106.032258
2.0,31,106.047139
2.0,31,106.061835
3.9,50,106.084336
4.4,55,106.109632
8.4,86,106.149717
2.0,31,106.163279
3.9,50,106.186949
3.9,50,106.209733
2.0,31,106.224469
3.9,50,106.248139
8.4,86,106.28687
3.9,50,106.310311
3.9,50,106.333681
2.0,31,106.348626
3.9,50,106.371322
3.9,50,106.395057
6.6,68,106.426989
3.2,43,106.447815
2.0,31,106.461779
2.0,31,106.476829
3.9,50,106.501324
3.9,50,106.523608
3.9,50,106.547204
4.0,51,106.569897
3.9,50,106.59347
3.9,50,106.616016
3.5,46,106.638177
3.9,50,106.660692
3.9,50,106.684051
3.9,50,106.706758
8.4,86,106.747045
3.9,50,106.769536
3.9,50,106.793241
4.5,56,106.818789
3.9,50,106.841552
3.9,50,106.865088
3.9,50,106.887472
3.9,50,106.910984
3.9,50,106.933429
3.9,50,106.956459
3.9,50,106.97958
3.9,50,107.003499
3.9,50,107.025752
3.9,50,107.049476
3.9,50,107.072477
3.9,50,107.096507
3.9,50,107.119222
3.9,50,107.143103
3.9,50,107.165665
3.9,50,107.189855
3.9,50,107.212737
3.9,50,107.237019
3.9,50,107.259667
3.9,50,107.283425
3.9,50,107.306313
2.0,31,107.321279
8.4,86,107.362009
3.9,50,107.384615
3.9,50,107.409336
3.9,50,107.432666
4.5,56,107.459296
3.9,50,107.483079
3.9,50,107.505475
3.9,50,107.529084
3.9,50,107.551123
3.9,50,107.574727
8.4,86,107.613417
3.9,50,107.637151
3.9,50,107.659713
3.9,50,107.683608
3.9,50,107.706094
5.0,61,107.734182
3.9,50,107.757716
3.9,50,107.780285
3.9,50,107.804273
3.9,50,107.827289
3.9,50,107.847344
6.7,69,107.879214
3.9,50,107.903418
3.9,50,107.925353
3.9,50,107.948836
3.9,50,107.971105
3.9,50,107.994586
4.4,55,108.018498
3.9,50,108.041981
3.9,50,108.064255
3.9,50,108.087809
3.9,50,108.109787
3.9,50,108.133225
3.9,50,108.155938
3.9,50,108.179585
3.9,50,108.202108
3.9,50,108.225589
4.4,55,108.250964
3.9,50,108.273502
8.4,86,108.313615
3.9,50,108.336656
3.9,50,108.361652
3.9,50,108.383632
3.9,50,108.406778
3.9,50,108.428797
3.9,50,108.451986
8.4,86,108.490411
3.9,50,108.514079
3.9,50,108.536451
4.3,54,108.562029
8.4,86,108.601363
8.4,86,108.641273
12.9,122,108.696491
3.9,50,108.719968
3.9,50,108.742936
3.9,50,108.766751
3.9,50,108.789252
3.9,50,108.81303
8.4,86,108.851879
6.2,64,108.880498
6.8,70,108.913293
6.4,66,108.943123
3.9,50,108.966819
6.5,67,108.996528
3.9,50,109.020816
8.4,86,109.06097
8.4,86,109.101717
12.9,122,109.15799
6.2,64,109.189022
6.2,64,109.219187
3.9,50,109.242825
6.2,64,109.272565
3.9,50,109.295146
8.4,86,109.335812
6.5,67,109.36714
3.9,50,109.391099
3.9,50,109.415257
3.9,50,109.437676
3.9,50,109.461411
3.9,50,109.483945
8.4,86,109.524343
3.9,50,109.548006
3.9,50,109.572396
6.6,68,109.605961
3.9,50,109.628563
3.9,50,109.651985
3.9,50,109.674678
3.9,50,109.700491
6.5,67,109.730914
12.9,122,109.787825
6.6,68,109.819371
15.7,141,109.882879
8.4,86,109.922858
3.9,50,109.944913
13.3,126,110.002643
3.9,50,110.025003
8.4,86,110.064539
8.4,86,110.103186
9.2,94,110.146307
4.0,51,110.168602
3.9,50,110.191823
17.9,163,110.268658
3.9,50,110.291443
4.4,55,110.316732
3.9,50,110.339357
8.4,86,110.379499
3.9,50,110.402562
8.4,86,110.442112
4.7,58,110.468325
4.7,58,110.495209
6.4,66,110.524894
6.6,68,110.555295
3.9,50,110.578498
3.9,50,110.600864
6.8,70,110.635384
11.3,106,110.684507
6.6,68,110.715995
8.4,86,110.757084
3.9,50,110.779625
6.3,65,110.810725
3.9,50,110.833185
6.8,70,110.865877
8.4,86,110.900014
10.8,101,110.945561
12.9,122,111.002341
6.8,70,111.034283
3.9,50,111.057885
3.9,50,111.079236
3.9,50,111.098444
11.3,106,111.145415
11.0,103,111.193448
15.7,141,111.259013
8.4,86,111.299147
17.9,163,111.374306
6.0,62,111.402864
8.4,86,111.443794
3.9,50,111.467162
3.9,50,111.491194
22.4,199,111.584185
3.9,50,111.608079
3.9,50,111.630737
11.1,104,111.679619
3.9,50,111.703965
3.9,50,111.726895
3.9,50,111.750807
8.4,86,111.790226
11.3,106,111.840247
3.9,50,111.862944
11.0,103,111.911958
3.9,50,111.936001
3.9,50,111.959237
3.9,50,111.9837
3.9,50,112.006811
10.7,100,112.055776
3.9,50,112.080492
15.6,140,112.146093
8.6,88,112.186644
8.4,86,112.225605
3.9,50,112.248069
3.9,50,112.270274
3.9,50,112.293778
8.4,86,112.333167
3.9,50,112.356387
8.4,86,112.394912
6.4,66,112.425178
6.8,70,112.456959
8.4,86,112.49773
3.9,50,112.520972
34.5,293,112.655242
4.0,51,112.678355
4.0,51,112.701986
8.4,86,112.740774
10.6,99,112.786076
8.9,91,112.828156
4.5,56,112.854861
17.9,163,112.933605
3.9,50,112.956031
3.9,50,112.981901
22.4,199,113.082475
15.8,142,113.151047
8.4,86,113.190447
3.9,50,113.213522
8.4,86,113.251524
13.7,130,113.312393
2.2,33,113.327947
4.5,56,113.3549
3.9,50,113.379334
9.1,93,113.423266
8.4,86,113.464425
8.6,88,113.505961
6.2,64,113.535804
12.9,122,113.59413
5.0,61,113.622642
3.9,50,113.646702
8.4,86,113.687093
4.4,55,113.713607
12.9,122,113.771165
8.4,86,113.811267
6.5,67,113.841666
3.9,50,113.863849
6.6,68,113.894675
3.9,50,113.918528
8.4,86,113.957689
6.0,62,113.986803
3.9,50,114.010828
13.8,131,114.072442
4.8,59,114.100118
3.9,50,114.122928
2.9,40,114.141455
8.4,86,114.182046
2.0,31,114.196537
3.9,50,114.221722
3.9,50,114.244457
2.0,31,114.259949
3.9,50,114.284251
0.3,50,114.307527
8.5,87,114.347732
2.2,33,114.362729
2.0,31,114.377806
2.0,31,114.393215
3.9,50,114.416134
4.8,59,114.443481
3.9,50,114.46554
2.0,31,114.479873
3.9,50,114.643051
4.4,55,114.671049
2.0,31,114.688281
3.9,50,114.723798
3.9,50,114.747772
3.9,50,114.779823
-0.9,50,114.805649
3.9,50,114.837236
9.4,96,114.883073
8.4,86,114.923651
3.9,50,114.948008
3.9,50,114.97116
8.4,86,115.01304
3.9,50,115.035517
2.0,31,115.0509
2.0,31,115.065513
17.9,163,115.141728
3.9,50,115.166075
3.9,50,115.18973
3.9,50,115.214186
11.0,103,115.262308
3.9,50,115.28532
-2.1,50,115.309353
3.9,50,115.332598
8.4,86,115.373001
13.3,126,115.431771
3.9,50,115.4563
6.2,64,115.487186
3.9,50,115.511606
3.9,50,115.535519
6.0,62,115.559283
6.7,69,115.585536
3.9,50,115.607932
3.9,50,115.631817
3.9,50,115.656969
8.4,86,115.696425
6.2,64,115.726197
3.9,50,115.750443
3.9,50,115.77345
3.9,50,115.797257
6.4,66,115.827854
8.4,86,115.869106
8.4,86,115.909596
3.9,50,115.934258
6.8,70,115.965764
10.8,101,116.012979
3.9,50,116.035268
3.9,50,116.058689
29.4,251,116.17424
3.9,50,116.198187
3.9,50,116.221179
8.5,87,116.261808
8.4,86,116.302106
4.8,59,116.328511
4.1,52,116.353492
17.9,163,116.42941
12.9,122,116.48894
8.8,90,116.530519
6.8,70,116.563472
9.5,97,116.609154
6.7,69,116.642936
4.5,56,116.66967
3.9,50,116.694363
6.8,70,116.728172
3.9,50,116.753092
4.5,56,116.78093
6.5,67,116.813367
4.7,58,116.841347
8.4,86,116.876462
8.4,86,116.910679
3.9,50,116.931891
5.0,61,116.95943
6.4,66,116.98402
6.3,65,117.009902
15.0,134,117.073807
6.0,62,117.102138
6.1,63,117.131449
5.0,61,117.159612
3.9,50,117.183284
2.0,31,117.198081
6.6,68,117.229399
4.2,53,117.253561
3.9,50,117.275896
2.0,31,117.290423
3.9,50,117.314069
4.0,51,117.336371
2.0,31,117.351065
3.9,50,117.375361
3.9,50,117.398189
8.4,86,117.440173
6.6,68,117.472082
20.4,179,117.55164
6.1,63,117.580251
8.4,86,117.619599
9.4,96,117.663276
6.4,66,117.692657
3.9,50,117.715589
8.4,86,117.752179
6.7,69,117.779475
3.9,50,117.803149
3.9,50,117.828011
3.9,50,117.852827
3.9,50,117.876232
2.0,31,117.891372
10.6,99,117.938375
3.9,50,117.96133
3.9,50,117.985507
13.5,128,118.043593
3.9,50,118.065996
4.4,55,118.091089
3.9,50,118.112517
6.7,69,118.144527
8.5,87,118.185369
3.9,50,118.208069
10.5,98,118.254131
2.0,31,118.267695
8.4,86,118.309263
8.4,86,118.348036
3.9,50,118.371566
13.8,131,118.434559
8.4,86,118.474591
8.4,86,118.517981
22.4,199,118.610824
3.9,50,118.634898
3.9,50,118.657823
4.5,56,118.684127
28.1,247,118.800381
3.9,50,118.824003
8.5,87,118.863592
4.9,60,118.892183
4.5,56,118.918828
9.4,96,118.965142
4.5,56,118.991961
10.5,98,119.039514
6.0,62,119.068507
3.9,50,119.093107
8.4,86,119.13275
3.9,50,119.156436
12.9,122,119.205568
8.4,86,119.239605
3.9,50,119.258363
3.9,50,119.27803
5.0,61,119.305479
6.7,69,119.338994
6.4,66,119.372141
4.9,60,119.404283
3.9,50,119.436308
8.4,86,119.491893
4.9,60,119.514707
3.9,50,119.533074
10.8,101,119.572108
8.4,86,119.605039
15.4,138,119.660691
13.3,126,119.715384
18.8,172,119.789371
12.9,122,119.840843
8.4,86,119.874111
4.1,52,119.89329
3.9,50,119.912717
10.8,101,119.950472
3.9,50,119.968692
3.9,50,119.988004
3.9,50,120.006264
13.3,126,120.058261
3.9,50,120.078107
4.7,58,120.100858
6.5,67,120.128617
8.4,86,120.161398
8.4,86,120.194985
4.7,58,120.216623
-3.3,50,120.241803
3.9,50,120.260606
3.9,50,120.27992
8.4,86,120.312512
3.9,50,120.331861
3.9,50,120.350369
4.2,53,120.370281
12.9,122,120.417674
9.4,96,120.454942
3.9,50,120.473214
3.9,50,120.492349
12.9,122,120.538638
8.4,86,120.571373
3.9,50,120.590087
13.6,129,120.639668
3.9,50,120.658035
3.9,50,120.676995
8.4,86,120.71498
3.9,50,120.737674
4.9,60,120.760061
4.8,59,120.78152
3.9,50,120.800837
3.9,50,120.819477
3.9,50,120.839104
6.5,67,120.865318
3.9,50,120.883491
13.6,129,120.934695
8.4,86,120.968232
9.3,95,121.004492
3.9,50,121.023327
3.9,50,121.042476
6.8,70,121.068697
0.3,50,121.087848
3.9,50,121.106299
3.9,50,121.125548
4.3,54,121.146266
3.9,50,121.16648
4.9,60,121.189063
3.9,50,121.208027
3.9,50,121.230229
3.9,50,121.249651
3.9,50,121.270046
3.9,50,121.288812
3.9,50,121.308095
17.9,163,121.369951
4.5,56,121.391269
15.3,137,121.446497
3.9,50,121.467318
8.4,86,121.50351
13.3,126,121.55139
2.0,31,121.563536
6.4,66,121.588287
3.9,50,121.610574
2.4,86,121.643117
3.9,50,121.662781
10.7,100,121.700964
4.0,51,121.720904
3.9,50,121.739522
-6.9,50,121.759124
6.7,69,121.785269
4.0,51,121.805306
3.9,50,121.824259
3.9,50,121.84412
8.4,86,121.876867
3.9,50,121.897508
3.9,50,121.915964
8.4,86,121.948726
4.8,86,121.980202
2.0,31,121.992361
2.0,31,122.004443
3.9,50,122.024492
8.4,86,122.057804
3.9,50,122.077135
3.9,50,122.096642
2.1,50,122.115084
4.3,54,122.13612
3.9,50,122.154632
3.9,50,122.173723
3.9,50,122.191969
9.2,94,122.228301
3.9,50,122.247716
3.9,50,122.268159
2.7,50,122.286816
3.9,50,122.306071
4.0,51,122.325122
2.7,50,122.344845
3.9,50,122.364013
3.9,50,122.383798
3.9,50,122.403194
3.9,50,122.424239
3.9,50,122.444912
3.9,50,122.46458
3.9,50,122.482909
3.9,50,122.50225
2.0,31,122.5143
12.9,122,122.559421
3.9,50,122.5787
3.9,50,122.597079
8.4,86,122.6298
3.9,50,122.648951
3.9,50,122.668033
3.9,50,122.68883
3.9,50,122.707729
3.9,50,122.726148
4.6,57,122.7473
3.9,50,122.766509
3.9,50,122.785778
3.9,50,122.805217
8.4,86,122.837531
3.9,50,122.856616
4.9,60,122.879267
3.9,50,122.897463
3.9,50,122.91634
3.9,50,122.934409
3.9,50,122.953424
3.9,50,122.971804
3.9,50,122.991036
11.3,106,123.030287
3.9,50,123.049246
6.1,63,123.073282
3.9,50,123.091739
3.9,50,123.11241
3.9,50,123.134043
3.9,50,123.153911
3.9,50,123.172682
3.9,50,123.191803
3.9,50,123.210714
8.4,86,123.246466
3.9,50,123.266972
3.9,50,123.288139
2.0,31,123.301936
8.4,86,123.347997
3.9,50,123.371106
2.0,31,123.386149
3.9,50,123.409732
3.9,50,123.432126
3.9,50,123.456658
8.6,88,123.498394
3.9,50,123.520907
17.9,163,123.589343
3.9,50,123.610268
4.0,51,123.631328
3.9,50,123.651958
3.9,50,123.670778
20.3,178,123.739832
3.9,50,123.758776
2.0,31,123.770919
2.0,31,123.784134
3.9,50,123.806619
8.4,86,123.842206
12.9,122,123.897433
10.9,102,123.945446
12.9,122,124.002374
3.9,50,124.02869
3.9,50,124.052834
3.9,50,124.076289
3.9,50,124.100202
3.9,50,124.124718
3.9,50,124.148145
8.4,86,124.188555
3.9,50,124.211399
3.9,50,124.235659
3.9,50,124.256044
3.9,50,124.280001
3.9,50,124.302811
8.4,86,124.343512
8.4,86,124.382993
3.9,50,124.407014
3.9,50,124.429879
9.2,94,124.475051
3.9,50,124.498466
8.4,86,124.539038
3.9,50,124.561794
6.6,68,124.592819
8.4,86,124.633349
3.9,50,124.656103
12.9,122,124.715095
18.4,168,124.794322
8.4,86,124.834828
3.9,50,124.859144
17.9,163,124.936293
8.4,86,124.97683
3.9,50,125.00024
3.9,50,125.024695
4.2,53,125.047136
4.3,54,125.072897
12.9,122,125.13034
3.9,50,125.154584
4.8,59,125.181794
8.4,86,125.222342
3.9,50,125.245365
3.9,50,125.269454
3.9,50,125.292396
4.5,56,125.31888
3.9,50,125.342748
15.0,134,125.404344
22.4,199,125.497282
3.9,50,125.520951
12.9,122,125.576592
4.8,59,125.604002
8.4,86,125.643909
12.9,122,125.703525
4.4,55,125.729482
12.9,122,125.785648
3.9,50,125.809335
9.5,97,125.85464
13.7,130,125.914965
9.0,92,125.95903
3.9,50,125.982282
3.9,50,126.00451
8.9,91,126.045972
3.9,50,126.069575
3.9,50,126.09215
3.9,50,126.115462
4.6,57,126.140951
3.9,50,126.163291
3.9,50,126.186709
6.8,70,126.21903
3.9,50,126.243216
10.9,102,126.291008
3.9,50,126.315343
4.3,54,126.340219
5.0,61,126.37291
6.8,70,126.40553
3.9,50,126.429175
1.5,50,126.451481
6.5,67,126.482107
6.2,64,126.511079
3.9,50,126.533793
8.7,89,126.575474
3.9,50,126.598059
8.4,86,126.63853
6.7,69,126.669997
8.4,86,126.708901
3.9,50,126.73245
3.9,50,126.754946
4.1,52,126.778598
4.6,57,126.80548
3.9,50,126.828535
10.8,101,126.876272
4.5,56,126.902496
3.9,50,126.926507
12.9,122,126.98238
8.4,86,127.021555
3.9,50,127.044003
12.9,122,127.099561
3.9,50,127.121985
3.9,50,127.145567
3.9,50,127.168074
4.3,54,127.193494
13.4,127,127.251508
3.9,50,127.274125
8.9,91,127.319563
4.3,54,127.343668
0.3,50,127.367528
3.9,50,127.390295
3.9,50,127.414005
8.4,86,127.454146
8.4,86,127.495658
4.6,57,127.522588
3.9,50,127.546552
3.9,50,127.568702
12.9,122,127.626653
17.9,163,127.702403
3.9,50,127.726323
22.4,199,127.82107
3.9,50,127.84361
6.1,63,127.873358
22.4,199,127.966209
3.9,50,127.988447
4.3,54,128.013877
8.4,86,128.053505
6.6,68,128.085009
10.9,102,128.131949
3.9,50,128.154419
8.4,86,128.190332
8.4,86,128.228765
3.9,50,128.252264
8.4,86,128.295647
4.4,55,128.33257
4.3,54,128.373303
3.9,50,128.410172
3.9,50,128.445756
8.4,86,128.522663
3.9,50,128.56355
8.9,91,128.621679
1.5,50,128.642404
12.9,122,128.698355
3.9,50,128.723557
8.4,86,128.773559
4.0,51,128.809293
4.4,55,128.838712
8.4,86,128.88061
3.9,50,128.904498
18.5,169,128.98151
1.5,50,129.000039
4.8,59,129.026325
17.9,163,129.101345
12.9,122,129.156643
8.4,86,129.197346
3.9,50,129.22056
3.9,50,129.24531
8.4,86,129.285245
4.1,52,129.309879
8.4,86,129.351167
8.6,88,129.392571
8.4,86,129.431628
5.0,61,129.460526
8.4,86,129.499873
4.3,54,129.526734
4.6,57,129.678006
3.9,50,129.701372
4.3,54,129.728485
4.8,59,129.756272
10.5,98,129.808059
15.5,139,129.882517
3.9,50,129.904729
4.7,58,129.934233
13.6,129,129.998095
3.9,50,130.023218
6.0,62,130.053388
6.4,66,130.084938
-1.5,50,130.107682
8.4,86,130.148863
3.9,50,130.171485
3.9,50,130.197467
3.9,50,130.22051
8.4,86,130.262131
3.9,50,130.284995
3.9,50,130.309309
3.9,50,130.332718
-2.1,50,130.357129
3.9,50,130.380579
3.9,50,130.406122
9.4,96,130.452304
4.0,51,130.476214
8.4,86,130.519059
4.7,58,130.54708
-7.5,50,130.574143
3.9,50,130.599396
12.9,122,130.668968
4.1,52,130.698012
4.9,60,130.728984
6.7,69,130.770025
3.9,50,130.796419
8.4,86,130.84342
8.8,90,130.905731
3.9,50,130.93656
8.4,86,130.986379
4.3,54,131.015715
3.9,50,131.062831
3.9,50,131.088402
4.7,58,131.124817
3.9,50,131.152524
3.9,50,131.179271
3.9,50,131.204583
6.6,68,131.241122
3.9,50,131.268698
4.9,60,131.298294
3.9,50,131.321878
3.9,50,131.347952
3.9,50,131.374079
9.4,96,131.420287
4.7,58,131.450332
3.9,50,131.475471
5.0,61,131.510603
8.4,86,131.554234
5.0,61,131.583681
12.9,122,131.64296
3.9,50,131.665903
3.9,50,131.692038
5.0,61,131.720772
12.9,122,131.777985
11.3,106,131.829889
9.4,96,131.87599
8.4,86,131.91607
3.9,50,131.939894
-3.3,50,131.962493
4.7,58,131.991675
10.7,100,132.038839
6.0,62,132.067421
6.7,69,132.101354
3.9,50,132.125691
3.9,50,132.150129
4.7,58,132.178271
12.9,122,132.236441
13.5,128,132.296437
8.4,86,132.336875
3.9,50,132.360517
4.5,56,132.386372
8.4,86,132.425505
8.4,86,132.466523
6.4,66,132.498586
3.9,50,132.52319
3.9,50,132.546674
3.9,50,132.571265
8.4,86,132.612234
6.1,63,132.640306
-2.1,50,132.662793
6.8,70,132.696132
3.9,50,132.718765
15.4,138,132.783906
8.4,86,132.824288
6.5,67,132.856232
3.9,50,132.88026
3.9,50,132.902953
3.9,50,132.927682
8.4,86,132.9679
6.8,70,133.0002
6.3,65,133.030123
8.4,86,133.069596
8.4,86,133.110454
8.4,86,133.150281
20.7,182,133.234072
3.9,50,133.256483
15.1,135,133.318606
3.9,50,133.342196
18.3,167,133.422242
9.4,96,133.467938
3.9,50,133.491458
12.9,122,133.548105
8.4,86,133.588377
3.9,50,133.611514
6.8,70,133.645325
12.9,122,133.701732
12.9,122,133.75925
8.4,86,133.798239
3.9,50,133.822389
3.9,50,133.845536
12.9,122,133.905287
8.5,87,133.946084
4.9,60,133.974336
3.9,50,133.997166
6.6,68,134.028967
8.4,86,134.070051
8.4,86,134.110821
12.9,122,134.169374
18.8,172,134.253424
8.4,86,134.293813
3.9,50,134.318589
6.6,68,134.352018
8.4,86,134.392487
8.4,86,134.436829
4.0,51,134.461335
5.0,61,134.492773
3.9,50,134.515626
6.8,70,134.549732
12.9,122,134.607645
6.4,66,134.639318
12.9,122,134.694819
4.8,59,134.722365
3.9,50,134.744979
8.4,86,134.785656
4.2,53,134.810006
6.4,66,134.841791
4.5,56,134.867513
8.4,86,134.908983
3.9,50,134.932659
6.2,64,134.962292
4.1,52,134.986543
4.5,56,135.012215
3.9,50,135.034657
11.1,104,135.085157
3.9,50,135.108458
3.9,50,135.131018
6.7,69,135.16362
3.9,50,135.187004
3.9,50,135.20959
3.9,50,135.233122
9.2,94,135.276039
8.4,86,135.31753
8.4,86,135.357516
4.7,58,135.385525
17.9,163,135.463521
3.9,50,135.486533
8.4,86,135.527822
12.9,122,135.585881
3.9,50,135.609704
3.9,50,135.632362
4.2,53,135.656707
10.7,100,135.703637
4.8,59,135.731872
4.3,54,135.758472
6.8,70,135.790244
4.2,53,135.814566
3.9,50,135.838019
3.9,50,135.860647
3.9,50,135.883653
4.3,54,135.908166
3.9,50,135.93187
4.3,54,135.955954
13.2,125,136.016709
10.9,102,136.063688
3.9,50,136.088
8.4,86,136.127699
3.9,50,136.151393
18.4,168,136.232748
8.4,86,136.272334
3.9,50,136.296342
3.9,50,136.31955
8.4,86,136.360627
4.5,56,136.386906
12.9,122,136.442695
12.9,122,136.498853
4.3,54,136.523356
3.9,50,136.54718
8.4,86,136.587144
3.9,50,136.611639
6.7,69,136.64406
11.2,105,136.693302
4.4,55,136.719908
3.9,50,136.742953
4.0,51,136.767486
3.9,50,136.792285
4.7,58,136.818894
8.4,86,136.859628
10.8,101,136.906704
3.9,50,136.929719
3.9,50,136.953357
3.9,50,136.97614
-6.9,50,137.000192
3.9,50,137.022982
3.9,50,137.046721
3.9,50,137.069119
17.9,163,137.145207
8.9,91,137.189175
-4.5,50,137.212726
3.9,50,137.23621
4.0,51,137.26114
8.4,86,137.301592
3.9,50,137.326138
3.9,50,137.349563
3.9,50,137.374465
4.6,57,137.401127
4.4,55,137.427764
4.1,52,137.452639
4.1,52,137.477675
3.9,50,137.501181
3.9,50,137.525365
3.9,50,137.548298
3.9,50,137.572686
3.9,50,137.595975
8.8,90,137.639977
3.9,50,137.663133
4.1,52,137.687814
8.4,86,137.728492
4.7,58,137.755296
12.9,122,137.814921
3.9,50,137.837759
18.4,168,137.917437
4.8,59,137.946807
6.7,69,137.982467
6.6,68,138.015946
4.6,57,138.043325
6.5,67,138.075425
26.9,235,138.18751
8.4,86,138.224402
8.4,86,138.258136
3.9,50,138.277017
4.4,55,138.298551
6.8,70,138.330999
3.9,50,138.353483
4.5,56,138.379544
4.3,54,138.402209
3.9,50,138.426296
6.1,63,138.456262
18.3,167,138.533956
5.0,61,138.56266
8.4,86,138.605946
10.6,99,138.653841
5.0,61,138.682534
4.4,55,138.709189
4.2,53,138.735514
4.7,58,138.764168
4.1,52,138.789205
8.4,86,138.830041
9.5,97,138.87691
-6.9,50,138.899317
8.4,86,138.940453
15.4,138,139.004938
12.9,122,139.063955
22.4,199,139.155899
4.6,57,139.183705
3.9,50,139.208148
2.0,31,139.223122
3.9,50,139.246132
4.6,57,139.27396
3.9,50,139.298653
3.9,50,139.322587
5.0,61,139.351412
4.7,58,139.378262
-3.9,50,139.40267
2.0,31,139.417749
3.9,50,139.440219
8.4,86,139.481171
6.5,67,139.511093
4.1,52,139.535425
-0.9,50,139.558615
3.9,50,139.581111
10.9,102,139.628698
11.3,106,139.678003
3.9,50,139.703491
3.9,50,139.728072
9.0,92,139.773915
6.0,62,139.806017
2.0,31,139.822428
8.4,86,139.861846
8.4,86,139.902457
6.8,70,139.934687
8.4,86,139.975948
3.9,50,139.999209
3.9,50,140.023102
15.5,139,140.091347
8.4,86,140.134009
4.5,56,140.163904
8.4,86,140.207473
8.4,86,140.251177
6.4,66,140.275921
3.9,50,140.295718
12.9,122,140.343153
6.4,66,140.36891
3.9,50,140.387431
3.9,50,140.4066
4.4,55,140.431559
6.8,70,140.461185
3.9,50,140.481477
9.2,94,140.520581
3.9,50,140.541266
3.9,50,140.561099
3.9,50,140.580615
9.2,94,140.616071
3.9,50,140.635363
6.0,62,140.658243
3.9,50,140.67731
6.8,70,140.703999
3.9,50,140.727383
3.9,50,140.748836
3.9,50,140.770412
3.9,50,140.78911
6.7,69,140.815116
4.1,52,140.83504
3.9,50,140.860177
3.9,50,140.878779
22.4,199,140.961151
8.4,86,140.993972
6.0,62,141.016727
11.1,104,141.058862
3.9,50,141.078995
8.4,86,141.110756
11.1,104,141.150144
3.9,50,141.1706
13.1,124,141.221241
6.7,69,141.24953
9.3,95,141.285453
4.1,52,141.305354
12.9,122,141.350482
4.6,57,141.371639
4.6,57,141.393586
27.9,245,141.486569
4.3,54,141.506447
12.9,122,141.553176
3.9,50,141.571367
12.9,122,141.620731
6.5,67,141.647118
17.9,163,141.710871
8.4,86,141.748561
8.4,86,141.781002
6.6,68,141.809489
3.9,50,141.82909
3.9,50,141.847696
10.8,101,141.886543
8.4,86,141.920928
13.4,127,141.971571
3.9,50,141.989773
8.4,86,142.023138
6.7,69,142.048393
4.3,54,142.069601
8.4,86,142.102493
13.0,123,142.148807
8.6,88,142.182876
4.0,51,142.203375
8.4,86,142.235593
3.9,50,142.254839
8.4,86,142.286336
13.3,126,142.333957
5.0,61,142.356942
17.9,163,142.418744
8.6,88,142.451593
8.4,86,142.482893
4.9,60,142.505466
3.9,50,142.525375
12.9,122,142.572998
8.4,86,142.614227
3.9,50,142.637344
6.7,69,142.669522
22.4,199,142.747247
11.2,105,142.787376
6.8,70,142.816032
3.9,50,142.834961
15.7,141,142.89106
3.9,50,142.909819
3.9,50,142.929292
2.0,31,142.940554
3.9,50,142.959975
3.9,50,142.97849
8.4,86,143.011541
3.9,50,143.030318
6.0,62,143.054243
3.9,50,143.072952
3.9,50,143.092442
6.0,62,143.115783
3.9,50,143.135139
5.0,61,143.157932
3.9,50,143.177477
3.9,50,143.19749
4.8,59,143.219938
4.2,53,143.239476
4.5,56,143.260238
3.9,50,143.279644
3.9,50,143.298263
9.4,96,143.334508
8.4,86,143.367322
27.4,240,143.458006
12.9,122,143.503211
22.5,200,143.58475
4.5,56,143.60565
-2.1,50,143.624497
4.4,55,143.643991
11.2,105,143.68377
6.8,70,143.709287
6.8,70,143.735759
6.2,64,143.759418
3.9,50,143.777902
11.2,105,143.816523
4.8,59,143.838634
6.7,69,143.864247
6.5,67,143.889282
6.7,69,143.91489
8.4,86,143.947344
6.6,68,143.972365
3.9,50,143.990381
8.6,88,144.023327
4.0,51,144.042478
3.9,50,144.062128
3.9,50,144.080327
3.9,50,144.099093
3.9,50,144.117289
8.4,86,144.149409
8.4,86,144.18097
3.9,50,144.199938
6.8,70,144.225515
3.9,50,144.245076
22.4,199,144.325904
5.0,61,144.349523
8.4,86,144.380966
8.4,86,144.414021
3.9,50,144.433035
9.0,92,144.470378
3.9,50,144.490094
10.7,100,144.528683
4.7,58,144.624981
8.4,86,144.727
5.0,61,144.756738
3.9,50,144.776979
8.7,89,144.820617
12.9,122,144.886338
3.9,50,144.909603
3.9,50,144.928351
8.4,86,144.961283
3.9,50,144.980021
3.9,50,144.998967
4.6,57,145.020217
6.7,69,145.045926
3.9,50,145.065252
6.0,62,145.088511
13.7,130,145.142408
10.8,101,145.190325
5.0,61,145.219017
6.3,65,145.250079
4.7,58,145.278442
3.9,50,145.300686
8.4,86,145.340451
3.9,50,145.359236
8.4,86,145.391908
3.9,50,145.410201
3.9,50,145.430135
12.9,122,145.47617
6.8,70,145.503857
6.8,70,145.529549
34.4,292,145.647736
12.9,122,145.693868
12.9,122,145.740015
6.8,70,145.767645
29.8,255,145.868613
8.8,90,145.902846
4.8,59,145.925762
12.9,122,145.975596
12.9,122,146.026024
4.6,57,146.04792
8.4,86,146.081125
6.3,65,146.106941
12.9,122,146.154456
8.7,89,146.191371
8.4,86,146.223823
12.9,122,146.280757
3.9,50,146.304085
8.4,86,146.346852
8.4,86,146.386636
29.2,249,146.50443
6.6,68,146.538912
6.8,70,146.572418
6.0,62,146.600932
12.9,122,146.65889
8.4,86,146.697785
3.9,50,146.721255
8.4,86,146.760708
3.9,50,146.785148
8.4,86,146.825328
8.4,86,146.865372
6.5,67,146.896213
3.9,50,146.9188
6.7,69,146.951609
12.9,122,147.013906
10.7,100,147.061297
6.3,65,147.09169
2.0,31,147.106156
6.1,63,147.135512
6.2,64,147.165898
8.4,86,147.205922
8.4,86,147.247336
4.5,56,147.27379
6.2,64,147.304282
3.9,50,147.327029
9.3,95,147.371541
10.6,99,147.417768
3.9,50,147.440208
8.4,86,147.481405
4.8,59,147.507783
8.9,91,147.549967
8.4,86,147.590114
10.6,99,147.635294
4.6,57,147.662445
4.0,51,147.685011
6.1,63,147.713886
13.0,123,147.771354
6.3,65,147.801173
8.4,86,147.841154
3.9,50,147.862969
17.9,163,147.937494
3.9,50,147.960273
3.9,50,147.983421
4.6,57,148.008789
4.7,58,148.035707
4.3,54,148.059737
8.7,89,148.099782
6.7,69,148.132318
3.9,50,148.154541
8.4,86,148.196244
6.1,63,148.226701
6.7,69,148.25973
8.4,86,148.299376
3.9,50,148.324592
15.8,142,148.394181
8.4,86,148.438283
8.4,86,148.479505
8.4,86,148.523439
8.4,86,148.565194
6.3,65,148.596031
8.6,88,148.637232
3.9,50,148.661123
11.2,105,148.711319
8.4,86,148.752186
6.3,65,148.7825
3.9,50,148.806016
9.0,92,148.850654
8.5,87,148.892201
6.6,68,148.92474
3.9,50,148.948968
10.5,98,148.995024
4.3,54,149.020605
10.9,102,149.068503
4.1,52,149.093984
12.9,122,149.154644
3.9,50,149.178522
6.6,68,149.211797
8.4,86,149.25369
11.0,103,149.301758
4.7,58,149.329142
9.2,94,149.374642
3.9,50,149.399739
17.9,163,149.477654
6.3,65,149.508069
6.5,67,149.541363
13.0,123,149.599394
3.9,50,149.623196
3.9,50,149.645739
8.4,86,149.685858
6.0,62,149.713805
11.2,105,149.761825
6.4,66,149.790987
4.7,58,149.818129
10.9,102,149.864315
6.7,69,149.894965
3.9,50,149.91771
3.9,50,149.939895
8.4,86,149.979275
6.5,67,150.009954
3.9,50,150.031935
8.4,86,150.071776
13.5,128,150.132405
8.4,86,150.171411
10.5,98,150.217422
6.7,69,150.249947
4.8,59,150.278312
3.9,50,150.301778
4.9,60,150.330428
8.4,86,150.372037
8.4,86,150.411933
17.9,163,150.486843
4.7,58,150.513486
6.8,70,150.546553
6.3,65,150.578088
6.3,65,150.609127
12.9,122,150.66784
4.8,59,150.694928
4.1,52,150.718554
3.9,50,150.740637
6.7,69,150.772225
11.3,106,150.822201
1.5,50,150.845318
9.5,97,150.892484
3.9,50,150.914969
4.0,51,150.938814
6.6,68,150.969962
11.0,103,151.018132
4.6,57,151.044096
4.4,55,151.069492
3.9,50,151.091939
6.7,69,151.123124
4.7,58,151.150308
4.6,57,151.176491
5.0,61,151.203966
6.0,62,151.233753
4.2,53,151.258049
4.1,52,151.282458
6.3,65,151.313491
3.9,50,151.33787
3.9,50,151.360537
6.7,69,151.39285
3.9,50,151.415648
8.8,90,151.458142
8.4,86,151.497784
3.9,50,151.521465
11.1,104,151.569403
3.9,50,151.592192
4.3,54,151.617855
3.9,50,151.640291
4.7,58,151.668054
4.1,52,151.691994
4.1,52,151.718493
8.4,86,151.757872
3.9,50,151.782148
4.4,55,151.806478
3.9,50,151.830507
3.9,50,151.853682
3.9,50,151.877331
4.5,56,151.902979
12.9,122,151.958829
4.5,56,151.985533
17.9,163,152.061284
3.9,50,152.084763
8.4,86,152.125567
3.9,50,152.149695
4.0,51,152.17347
4.4,55,152.199749
-2.1,50,152.223697
4.7,58,152.250459
-8.7,50,152.274224
4.5,56,152.30028
-6.9,50,152.323012
3.9,50,152.346957
3.9,50,152.370136
-4.5,50,152.394867
3.9,50,152.417914
3.9,50,152.441643
3.9,50,152.464381
4.7,58,152.491838
8.4,86,152.531035
2.7,50,152.554176
-5.7,50,152.576527
6.3,65,152.605512
3.9,50,152.630697
3.9,50,152.654064
4.5,56,152.68013
8.4,86,152.722027
12.9,122,152.777318
1.5,50,152.800818
6.4,66,152.830747
3.9,50,152.855183
3.9,50,152.878303
3.9,50,152.902501
4.3,54,152.927268
6.5,67,152.959599
6.8,70,152.993234
3.9,50,153.016368
8.4,86,153.058115
17.9,163,153.135254
4.1,52,153.159367
3.9,50,153.183215
12.9,122,153.240148
6.7,69,153.273745
8.4,86,153.31359
3.9,50,153.337152
3.9,50,153.359976
4.3,54,153.385699
3.9,50,153.408045
6.8,70,153.4406
-5.7,50,153.4622
3.9,50,153.484578
5.0,61,153.511978
3.9,50,153.533983
4.3,54,153.559197
4.5,56,153.585878
4.3,54,153.610569
3.9,50,153.634786
4.1,52,153.659166
11.0,103,153.707492
3.9,50,153.730814
4.2,53,153.755244
3.9,50,153.779051
6.1,63,153.808791
3.9,50,153.831582
6.2,64,153.862966
3.9,50,153.887254
9.2,94,153.932556
3.9,50,153.956068
3.9,50,153.97842
8.4,86,154.018127
10.8,101,154.067555
3.9,50,154.090547
-5.7,50,154.114869
9.5,97,154.159212
6.8,70,154.191843
3.9,50,154.214368
3.9,50,154.238119
3.9,50,154.260779
3.9,50,154.282497
4.7,58,154.310195
4.8,59,154.484832
3.9,50,154.50833
3.9,50,154.532535
8.4,86,154.57222
6.2,64,154.601551
11.2,105,154.651488
3.9,50,154.674556
24.9,215,154.774656
3.9,50,154.797158
2.0,31,154.811272
3.9,50,154.834496
3.9,50,154.85648
13.6,129,154.917415
5.0,61,154.945663
4.6,57,154.970995
11.3,106,155.018111
2.0,31,155.032423
2.0,31,155.046883
4.5,56,155.072226
6.0,62,155.099194
2.0,31,155.114236
8.4,86,155.153866
3.9,50,155.176121
3.9,50,155.200086
8.4,86,155.238995
3.9,50,155.262632
4.9,60,155.291543
4.9,60,155.323264
15.2,136,155.387502
12.9,122,155.442266
6.2,64,155.472248
4.4,55,155.498241
6.3,65,155.527746
4.8,59,155.556162
3.9,50,155.579074
9.2,94,155.622903
3.9,50,155.64548
4.2,53,155.670813
3.9,50,155.693383
9.1,93,155.735999
6.8,70,155.768735
4.3,54,155.792477
4.4,55,155.817305
6.6,68,155.847488
6.8,70,155.877536
8.4,86,155.916278
8.4,86,155.956711
6.1,63,155.984511
2.0,31,155.999045
8.4,86,156.038999
20.6,181,156.12205
6.2,64,156.153615
3.9,50,156.177203
22.9,204,156.278481
6.3,65,156.311435
8.4,86,156.353498
13.6,129,156.416152
4.9,60,156.445927
10.5,98,156.49184
6.0,62,156.522361
4.1,52,156.546454
6.3,65,156.57707
3.9,50,156.599281
3.9,50,156.622475
18.4,168,156.699459
8.4,86,156.738184
4.8,59,156.765975
4.5,56,156.791417
3.9,50,156.814967
9.3,95,156.860096
8.4,86,156.899887
9.3,95,156.942585
4.6,57,156.96979
6.8,70,157.00217
3.9,50,157.025546
8.4,86,157.06502
3.9,50,157.088799
8.4,86,157.1284
15.2,136,157.190146
-2.1,50,157.213226
4.1,52,157.236272
17.9,163,157.309498
4.8,59,157.336687
4.0,51,157.3603
6.6,68,157.391953
6.1,63,157.423722
6.2,64,157.454763
8.4,86,157.494257
4.3,54,157.519983
6.5,67,157.550109
12.9,122,157.607226
3.9,50,157.629968
9.1,93,157.673471
4.2,53,157.69732
8.4,86,157.737117
8.4,86,157.77752
3.9,50,157.800586
9.2,94,157.844371
18.4,168,157.922267
8.9,91,157.965461
12.9,122,158.021969
15.7,141,158.087039
8.4,86,158.127663
8.4,86,158.167406
18.6,170,158.247741
3.9,50,158.270149
3.9,50,158.293871
11.3,106,158.343261
6.0,62,158.37328
3.9,50,158.396592
4.6,57,158.578348
8.6,88,158.619614
4.5,56,158.646771
8.4,86,158.685497
4.6,57,158.711895
12.9,122,158.767395
4.2,53,158.791258
10.9,102,158.837312
4.2,53,158.860957
8.4,86,158.898741
-5.7,50,158.921414
3.9,50,158.943059
8.4,86,158.982384
6.2,64,159.012534
4.0,51,159.035954
17.9,163,159.108658
3.9,50,159.131789
3.9,50,159.153864
8.4,86,159.193208
8.4,86,159.231525
4.0,51,159.25499
4.1,52,159.279242
8.4,86,159.32144
3.9,50,159.343622
5.0,61,159.372435
17.9,163,159.449308
6.2,64,159.479067
8.4,86,159.519274
8.4,86,159.559729
2.0,31,159.574743
6.6,68,159.732805
3.9,50,159.755702
15.8,142,159.822572
4.7,58,159.849195
6.7,69,159.888085
3.9,50,159.912044
4.0,51,159.935125
8.4,86,159.976162
6.4,66,160.008078
12.9,122,160.0643
15.3,137,160.129803
9.4,96,160.173583
2.0,31,160.187282
12.9,122,160.244753
12.9,122,160.300167
8.5,87,160.340299
3.9,50,160.363868
6.2,64,160.392877
6.7,69,160.423947
3.9,50,160.446405
9.2,94,160.489899
8.4,86,160.529341
6.5,67,160.560434
3.9,50,160.584136
8.4,86,160.624831
13.8,131,160.686016
8.4,86,160.725756
3.9,50,160.749506
12.9,122,160.805778
4.8,59,160.833045
6.3,65,160.862428
2.0,31,160.877025
4.9,60,160.904536
6.1,63,160.933894
2.0,31,160.948406
8.4,86,160.988132
3.9,50,161.011486
2.0,31,161.025522
6.4,66,161.056361
6.6,68,161.087885
3.9,50,161.110362
4.9,60,161.139395
2.0,31,161.154202
13.5,128,161.213753
3.9,50,161.239042
3.9,50,161.261535
2.0,31,161.276606
8.4,86,161.315998
2.0,31,161.330717
2.0,31,161.345631
8.4,86,161.385338
2.0,31,161.400182
3.9,50,161.423935
2.0,31,161.437824
2.0,31,161.454291
4.5,56,161.479268
3.9,50,161.502264
6.0,62,161.530291
2.0,31,161.545032
2.0,31,161.559824
4.1,52,161.58448
3.9,50,161.606954
3.9,50,161.631918
6.2,64,161.662759
3.9,50,161.685671
2.0,31,161.700313
4.8,59,161.728117
3.9,50,161.752186
3.9,50,161.776106
2.2,33,161.791377
2.0,31,161.806139
3.9,50,161.828381
2.0,31,161.842954
6.4,66,161.873785
3.9,50,161.897124
3.9,50,161.919969
4.8,59,161.947026
4.6,57,161.972635
3.9,50,161.996148
4.7,58,162.022544
8.4,86,162.064762
8.4,86,162.106237
4.5,56,162.133125
4.6,57,162.161732
8.4,86,162.203742
3.9,50,162.22929
6.2,64,162.260276
4.7,58,162.288305
4.8,59,162.317667
3.9,50,162.340564
3.9,50,162.364602
6.6,68,162.39697
2.0,31,162.412006
8.4,86,162.451354
3.9,50,162.474671
2.0,31,162.488234
6.4,66,162.525993
11.0,103,162.57622
3.9,50,162.600559
2.0,31,162.614997
4.0,51,162.638186
5.0,61,162.665725
6.1,63,162.696007
3.9,50,162.719382
4.2,53,162.743053
3.9,50,162.766384
8.4,86,162.803804
3.9,50,162.826365
4.6,57,162.852976
6.1,63,162.879324
4.0,51,162.903078
6.2,64,162.931548
3.9,50,162.954247
8.4,86,162.994734
4.8,59,163.020793
4.1,52,163.044676
4.4,55,163.070055
4.2,53,163.092397
4.5,56,163.1186
6.8,70,163.151041
3.9,50,163.173892
8.4,86,163.213483
3.9,50,163.235844
8.4,86,163.277127
6.6,68,163.307693
3.9,50,163.330662
3.9,50,163.353973
8.4,86,163.392831
8.4,86,163.432743
6.2,64,163.461941
6.3,65,163.490894
3.9,50,163.513637
6.0,62,163.541427
4.5,56,163.566971
4.9,60,163.593749
12.9,122,163.650411
8.4,86,163.688974
6.3,65,163.718254
4.7,58,163.745187
12.9,122,163.802507
8.4,86,163.841937
11.3,106,163.888844
8.4,86,163.927722
10.6,99,163.973824
13.0,123,164.029259
12.9,122,164.088262
12.9,122,164.143898
11.3,106,164.187621
17.9,163,164.265908
9.4,96,164.310786
4.6,57,164.337847
6.5,67,164.370288
10.6,99,164.416879
22.4,199,164.508168
8.4,86,164.548566
8.4,86,164.587702
8.4,86,164.627208
6.5,67,164.656878
8.4,86,164.69674
8.4,86,164.73524
6.7,69,164.767491
6.2,64,164.796658
6.3,65,164.825711
4.7,58,164.851782
6.4,66,164.882015
12.9,122,164.936653
8.4,86,164.976013
6.4,66,165.005299
4.5,56,165.030524
8.4,86,165.070146
2.7,50,165.092355
6.2,64,165.121218
8.6,88,165.164404
8.4,86,165.204182
8.4,86,165.243116
8.4,86,165.282618
8.4,86,165.318539
8.4,86,165.358232
6.1,63,165.386958
4.9,60,165.41402
4.3,54,165.439379
4.9,60,165.46599
3.9,50,165.488694
8.4,86,165.527159
9.4,96,165.570403
4.2,53,165.59307
15.0,134,165.654643
6.7,69,165.685942
5.0,61,165.709359
4.1,52,165.732771
8.4,86,165.769151
4.5,56,165.790249
8.4,86,165.822333
4.8,59,165.848982
4.9,60,165.874896
3.9,50,165.897893
5.0,61,165.925679
6.1,63,165.954615
6.2,64,165.983574
4.6,57,166.009445
4.5,56,166.035686
6.2,64,166.067575
6.6,68,166.098866
6.4,66,166.128587
3.9,50,166.15177
8.4,86,166.191105
3.9,50,166.21465
4.7,58,166.240343
6.6,68,166.271513
4.8,59,166.29834
9.0,92,166.342561
6.6,68,166.37365
4.2,53,166.397379
4.5,56,166.422333
3.9,50,166.4454
4.5,56,166.471532
4.1,52,166.495174
4.7,58,166.52187
3.9,50,166.545986
13.9,132,166.607343
3.9,50,166.629833
6.6,68,166.66146
6.6,68,166.692776
4.5,56,166.71843
6.2,64,166.747739
3.9,50,166.771158
4.0,51,166.794806
6.4,66,166.824517
4.7,58,166.851496
12.9,122,166.904471
3.9,50,166.925843
8.9,91,166.962058
4.6,57,166.987285
6.2,64,167.014803
4.4,55,167.038565
6.6,68,167.069131
5.0,61,167.097099
13.8,131,167.153337
3.9,50,167.176388
4.8,59,167.203821
3.9,50,167.225801
6.2,64,167.256336
6.0,62,167.285036
3.9,50,167.308086
3.9,50,167.332154
9.0,92,167.374712
3.9,50,167.394468
6.0,62,167.423614
3.9,50,167.445994
3.9,50,167.469095
4.4,55,167.493503
13.7,130,167.552117
9.2,94,167.593542
4.7,58,167.620462
11.0,103,167.668002
8.4,86,167.706976
3.9,50,167.729958
6.3,65,167.757737
3.9,50,167.780449
3.9,50,167.803956
9.3,95,167.847108
12.9,122,167.902274
4.3,54,167.927512
4.4,55,167.951721
4.5,56,167.977273
3.9,50,168.000376
8.4,86,168.038856
3.9,50,168.062167
8.4,86,168.100937
3.9,50,168.124028
9.3,95,168.167424
4.3,54,168.19102
4.7,58,168.217989
6.1,63,168.246158
8.4,86,168.286337
4.3,54,168.311754
3.9,50,168.334985
3.9,50,168.357519
2.0,31,168.3722
10.9,102,168.420407
4.9,60,168.448097
4.3,54,168.473173
2.0,31,168.485808
5.0,61,168.512505
6.0,62,168.538854
8.5,87,168.571809
8.5,87,168.604098
4.8,59,168.630036
3.9,50,168.652178
2.0,31,168.666397
8.4,86,168.706317
6.2,64,168.735467
6.4,66,168.760344
6.2,64,168.789249
4.4,55,168.811891
13.8,131,168.867458
2.0,31,168.880339
9.2,94,168.919951
2.0,31,168.933789
3.9,50,168.955916
6.8,70,168.988747
6.8,70,169.019812
2.0,31,169.034807
2.0,31,169.048085
2.0,31,169.060348
8.4,86,169.095492
3.9,50,169.117615
3.9,50,169.140599
6.8,70,169.171705
3.9,50,169.193226
8.4,86,169.23073
8.4,86,169.270652
4.9,60,169.297647
13.8,131,169.35746
11.1,104,169.404262
9.4,96,169.447723
8.4,86,169.486656
6.1,63,169.515647
13.9,132,169.571657
3.9,50,169.593658
3.9,50,169.617152
4.2,53,169.639036
3.9,50,169.66217
3.9,50,169.684355
4.9,60,169.710303
13.5,128,169.766859
3.9,50,169.790739
8.4,86,169.826138
3.9,50,169.845617
2.0,31,169.856846
4.2,53,169.877208
3.9,50,169.896426
4.3,54,169.920004
3.9,50,169.939286
9.1,93,169.981329
6.5,67,170.010578
3.9,50,170.030588
6.7,69,170.062294
2.0,31,170.076653
2.0,31,170.089837
4.1,52,170.113667
3.9,50,170.136809
4.0,51,170.160232
3.9,50,170.182839
2.0,31,170.197475
4.1,52,170.218153
6.1,63,170.243779
6.3,65,170.273093
4.3,54,170.297144
3.9,50,170.319827
3.9,50,170.338196
8.4,86,170.37611
2.0,31,170.390411
3.9,50,170.412275
8.4,86,170.45199
3.9,50,170.473537
4.4,55,170.500564
3.9,50,170.518723
3.9,50,170.542186
12.9,122,170.602329
3.9,50,170.626855
3.9,50,170.649046
8.4,86,170.688449
3.9,50,170.709815
3.9,50,170.728992
4.7,58,170.754625
8.4,86,170.789407
17.9,163,170.862251
3.9,50,170.880449
8.4,86,170.91579
6.8,70,170.948105
3.9,50,170.967095
13.7,130,171.014949
6.4,66,171.041081
6.5,67,171.065242
12.9,122,171.110955
8.4,86,171.147531
18.9,173,171.21505
5.0,61,171.239789
8.4,86,171.278621
3.9,50,171.302209
3.9,50,171.324479
12.9,122,171.381236
3.9,50,171.40195
6.0,62,171.425803
3.9,50,171.447172
20.6,181,171.523235
12.9,122,171.572749
18.4,168,171.641062
8.4,86,171.673863
4.9,60,171.700971
8.4,86,171.739181
4.7,58,171.766549
3.9,50,171.788686
6.0,62,171.817736
3.9,50,171.839972
6.8,70,171.872345
3.9,50,171.894434
17.9,163,171.968134
12.9,122,172.023087
4.8,59,172.055657
9.2,94,172.10038
6.2,64,172.129231
12.9,122,172.178481
10.9,102,172.220043
6.8,70,172.251723
22.4,199,172.34028
17.9,163,172.415146
4.8,59,172.441409
3.9,50,172.464573
6.6,68,172.495109
3.9,50,172.516977
8.4,86,172.556221
3.9,50,172.578077
12.9,122,172.631157
3.9,50,172.650916
8.4,86,172.692025
8.4,86,172.730342
3.9,50,172.753704
12.9,122,172.806874
6.3,65,172.83743
4.4,55,172.858947
3.9,50,172.882739
3.9,50,172.905212
8.4,86,172.944991
3.9,50,172.967139
3.9,50,172.990618
6.2,64,173.02015
8.4,86,173.058936
3.9,50,173.082196
6.7,69,173.114062
8.7,89,173.154728
12.9,122,173.210063
29.7,254,173.312709
10.6,99,173.357473
8.4,86,173.395909
5.0,61,173.418764
6.6,68,173.44901
4.3,54,173.472769
3.9,50,173.496044
8.4,86,173.534665
12.9,122,173.590223
11.3,106,173.634067
9.5,97,173.677758
8.4,86,173.714416
3.9,50,173.738159
3.9,50,173.762022
8.4,86,173.801091
6.0,62,173.828741
6.7,69,173.855332
12.9,122,173.909757
-2.7,50,173.93117
12.9,122,173.984591
3.9,50,174.003097
19.0,174,174.082438
12.9,122,174.127822
4.5,56,174.149105
15.6,140,174.212128
6.8,70,174.244318
4.1,52,174.268079
4.3,54,174.292269
-8.1,50,174.315569
4.3,54,174.339913
4.8,59,174.366808
23.3,208,174.460532
4.2,53,174.483904
8.4,86,174.523048
26.9,235,174.769475
8.4,86,174.813651
8.4,86,174.859075
4.2,53,174.890754
11.3,106,174.946528
3.9,50,174.97019
-3.3,50,174.992494
4.7,58,175.019042
6.3,65,175.05087
3.9,50,175.070068
4.8,59,175.092865
12.9,122,175.148962
4.7,58,175.175015
8.4,86,175.214994
8.4,86,175.253467
8.4,86,175.293143
18.1,165,175.363149
6.8,70,175.395783
3.9,50,175.418009
8.4,86,175.45761
5.0,61,175.484884
8.4,86,175.519879
3.9,50,175.54343
12.9,122,175.5977
8.4,86,175.635901
12.9,122,175.689989
8.4,86,175.730473
3.9,50,175.752587
8.4,86,175.791524
4.3,54,175.81509
3.9,50,175.838412
8.6,88,175.878582
10.6,99,175.923526
6.0,62,175.951677
3.9,50,175.974741
6.1,63,176.002464
-8.7,50,176.025465
8.4,86,176.063828
3.9,50,176.086869
-1.5,50,176.108927
3.9,50,176.132118
8.4,86,176.170476
-0.9,50,176.1907
3.9,50,176.212784
3.9,50,176.235527
3.9,50,176.257252
6.5,67,176.287109
-5.7,50,176.309697
8.4,86,176.347527
4.8,59,176.374348
6.3,65,176.403629
28.0,246,176.515876
8.4,86,176.555584
3.9,50,176.578574
3.9,50,176.600548
2.0,31,176.614896
12.9,122,176.663098
4.4,55,176.684008
3.9,50,176.70678
12.9,122,176.760918
8.4,86,176.800643
8.4,86,176.83675
8.4,86,176.876537
8.4,86,176.915223
8.4,86,176.954587
3.9,50,176.973359
6.5,67,177.003076
10.9,102,177.045788
2.0,31,177.060284
4.3,54,177.085193
-0.9,50,177.107203
3.9,50,177.130434
8.4,86,177.168568
12.9,122,177.225947
8.4,86,177.264664
12.9,122,177.322606
3.9,50,177.344885
3.9,50,177.368419
3.9,50,177.390642
8.4,86,177.43028
22.4,199,177.51805
3.9,50,177.540958
6.7,69,177.571432
4.3,54,177.59541
17.9,163,177.667792
12.9,122,177.720516
3.9,50,177.742526
2.1,50,177.764213
6.8,70,177.792256
3.9,50,177.814988
3.9,50,177.838095
9.1,93,177.880026
3.9,50,177.902737
18.0,164,177.971698
3.9,50,177.994293
10.8,101,178.039968
3.9,50,178.061933
12.9,122,178.118319
12.9,122,178.171427
6.3,65,178.201254
9.1,93,178.242635
11.0,103,178.289245
3.9,50,178.311855
26.9,235,178.40079
4.6,57,178.421667
6.7,69,178.447313
-1.5,50,178.467043
3.9,50,178.489179
8.6,88,178.529422
17.9,163,178.605068
6.5,67,178.632744
3.9,50,178.653142
11.0,103,178.700658
4.0,51,178.724449
4.3,54,178.748469
-2.1,50,178.771877
15.4,138,178.834445
8.4,86,178.872736
8.4,86,178.906039
3.9,50,178.92911
3.9,50,178.948461
3.9,50,178.971173
6.0,62,178.997692
0.9,50,179.01873
3.9,50,179.037961
8.4,86,179.077315
4.8,59,179.103414
11.2,105,179.149319
3.9,50,179.167823
8.4,86,179.200999
3.9,50,179.223005
11.0,103,179.269665
6.4,66,179.300181
4.9,60,179.324444
3.9,50,179.346446
3.9,50,179.369296
-5.7,50,179.389591
3.9,50,179.412545
3.9,50,179.434868
3.9,50,179.459095
3.9,50,179.480803
8.5,87,179.520017
10.7,100,179.564985
3.9,50,179.58691
3.9,50,179.60981
3.9,50,179.631621
-5.7,50,179.654498
2.0,31,179.668484
3.9,50,179.690858
6.8,70,179.722975
3.9,50,179.744937
2.0,31,179.759406
8.6,88,179.799249
8.4,86,179.837252
3.9,50,179.860338
3.9,50,179.882451
4.1,52,179.90652
3.9,50,179.929375
-8.7,50,179.950995
4.6,57,179.977511
3.9,50,179.999584
3.9,50,180.022735
9.1,93,180.063971
3.9,50,180.086052
3.9,50,180.109166
12.9,122,180.164334
3.9,50,180.18728
3.9,50,180.209572
12.9,122,180.271852
13.2,125,180.331671
3.9,50,180.355935
8.4,86,180.397543
4.8,59,180.425499
4.9,60,180.454305
10.6,99,180.500863
3.9,50,180.523143
3.9,50,180.547044
15.6,140,180.610097
-3.3,50,180.632342
2.0,31,180.645813
17.9,163,180.717961
9.3,95,180.760563
3.9,50,180.782592
3.9,50,180.804786
6.6,68,180.835913
6.6,68,180.866816
6.8,70,180.899281
-2.1,50,180.920987
11.0,103,180.962067
13.1,124,181.00982
2.0,31,181.021612
2.0,31,181.033292
2.0,31,181.045884
6.3,65,181.070589
8.4,86,181.101333
12.9,122,181.147002
8.5,87,181.180104
3.9,50,181.202527
3.9,50,181.220613
3.9,50,181.24161
9.0,92,181.275579
3.9,50,181.297315
15.4,138,181.360454
3.9,50,181.382623
8.4,86,181.419641
-0.9,50,181.441649
2.0,31,181.456003
3.9,50,181.477814
8.9,91,181.517248
3.9,50,181.539367
4.8,59,181.566324
3.9,50,181.587987
4.2,53,181.611706
4.4,55,181.636875
3.9,50,181.659809
8.4,86,181.699138
3.9,50,181.72171
3.9,50,181.743849
3.9,50,181.766943
3.9,50,181.788983
19.0,174,181.867955
8.4,86,181.905882
9.0,92,181.947652
3.9,50,181.970746
3.9,50,181.992818
22.4,199,182.083565
3.9,50,182.106154
6.3,65,182.137472
4.1,52,182.161413
8.6,88,182.201122
0.9,50,182.222703
3.9,50,182.245521
3.9,50,182.26737
6.2,64,182.296099
2.7,50,182.318885
6.6,68,182.34934
6.6,68,182.380016
0.3,50,182.402321
9.0,92,182.4435
8.4,86,182.482905
6.8,70,182.513869
8.8,90,182.555166
22.7,202,182.647186
6.7,69,182.678337
3.9,50,182.701549
3.9,50,182.724021
3.9,50,182.747398
6.7,69,182.778248
3.9,50,182.801009
8.4,86,182.834061
19.0,174,182.91379
4.5,56,182.939144
6.8,70,182.970296
3.9,50,182.993533
3.9,50,183.016359
17.9,163,183.087969
8.4,86,183.125532
3.9,50,183.148843
3.9,50,183.17034
-0.9,50,183.193429
22.4,199,183.280317
3.9,50,183.302406
22.4,199,183.387058
6.4,66,183.415847
12.9,122,183.471289
22.4,199,183.559211
12.9,122,183.611275
9.3,95,183.654401
4.1,52,183.677666
12.9,122,183.729178
3.9,50,183.752105
3.9,50,183.773787
4.9,60,183.800827
3.9,50,183.823905
26.9,235,183.92964
8.4,86,183.961174
3.9,50,183.980279
8.4,86,184.01597
8.6,88,184.053275
6.7,69,184.083751
8.4,86,184.123152
8.4,86,184.161985
12.9,122,184.217204
6.5,67,184.247448
8.4,86,184.285005
8.4,86,184.317588
26.9,235,184.419235
8.4,86,184.458445
3.9,50,184.48065
8.4,86,184.520607
8.4,86,184.559047
15.0,134,184.610598
6.3,65,184.639529
4.4,55,184.662759
8.4,86,184.697
3.9,50,184.720313
8.4,86,184.756119
8.4,86,184.795633
6.6,68,184.826103
8.4,86,184.86448
6.5,67,184.894568
8.4,86,184.934139
3.9,50,184.955692
6.8,70,184.987786
6.2,64,185.0164
8.4,86,185.051713
8.6,88,185.089731
3.9,50,185.112498
3.9,50,185.134539
3.9,50,185.158107
8.4,86,185.196033
3.9,50,185.219595
3.9,50,185.241251
4.6,57,185.266894
3.9,50,185.289898
3.9,50,185.312051
4.8,59,185.338603
4.8,59,185.365604
6.2,64,185.394502
8.4,86,185.432751
2.2,33,185.448631
2.0,31,185.462029
12.9,122,185.514968
6.0,62,185.537009
13.4,127,185.58628
9.0,92,185.625626
-5.7,50,185.649475
12.9,122,185.703369
6.2,64,185.731433
15.2,136,185.78156
3.9,50,185.802681
8.4,86,185.840953
6.7,69,185.872136
8.4,86,185.911844
3.9,50,185.933686
6.0,62,185.959185
8.4,86,185.996214
5.0,61,186.024556
3.9,50,186.046683
3.9,50,186.071546
3.9,50,186.09296
6.8,70,186.124945
3.9,50,186.145059
8.4,86,186.183383
3.9,50,186.205343
3.9,50,186.228522
3.9,50,186.250518
3.9,50,186.273379
8.5,87,186.311151
8.4,86,186.350345
8.4,86,186.388776
3.9,50,186.408585
3.9,50,186.429329
6.2,64,186.45809
3.9,50,186.481107
3.9,50,186.502904
3.9,50,186.523725
-2.1,50,186.541996
2.0,31,186.55372
2.0,31,186.5677
4.6,57,186.593002
3.9,50,186.616545
3.9,50,186.638544
8.4,86,186.677539
3.9,50,186.699574
8.4,86,186.739542
3.9,50,186.761718
3.9,50,186.784918
8.4,86,186.820404
3.9,50,186.843634
8.4,86,186.88212
6.2,64,186.910801
4.7,58,186.937662
3.9,50,186.960757
8.4,86,186.993022
3.9,50,187.010871
9.3,95,187.051924
17.9,163,187.125925
3.9,50,187.145719
12.9,122,187.201808
8.4,86,187.239884
3.9,50,187.260392
3.9,50,187.282591
6.3,65,187.311462
8.4,86,187.350952
6.8,70,187.380475
3.9,50,187.404093
2.0,31,187.417885
9.3,95,187.457506
3.9,50,187.478561
3.9,50,187.499956
6.6,68,187.530023
3.9,50,187.552848
8.4,86,187.584828
3.9,50,187.607945
3.9,50,187.630042
8.4,86,187.669096
3.9,50,187.69106
3.9,50,187.714559
3.9,50,187.737019
2.0,31,187.751182
6.3,65,187.778739
3.9,50,187.797421
3.9,50,187.815696
4.9,60,187.837497
6.4,66,187.861986
8.8,90,187.897623
6.1,63,187.921157
3.9,50,187.939857
6.6,68,187.96468
9.1,93,187.998847
9.5,97,188.034492
3.9,50,188.058166
3.9,50,188.080227
6.2,64,188.108945
9.4,96,188.152191
6.1,63,188.18117
8.4,86,188.220848
3.9,50,188.243916
3.9,50,188.267447
3.9,50,188.291844
3.9,50,188.315273
9.3,95,188.361768
13.7,130,188.425717
3.9,50,188.44882
15.0,134,188.503976
3.9,50,188.522655
3.9,50,188.541649
3.9,50,188.561262
3.9,50,188.582451
6.6,68,188.613236
3.9,50,188.635517
6.6,68,188.666317
3.9,50,188.690181
3.9,50,188.712383
3.9,50,188.735779
3.9,50,188.757624
3.9,50,188.780701
3.9,50,188.802417
3.9,50,188.825367
3.9,50,188.847588
3.9,50,188.87068
3.9,50,188.892721
6.7,69,188.923569
3.9,50,188.946489
3.9,50,188.968587
3.9,50,188.99158
3.9,50,189.013765
3.9,50,189.036901
3.9,50,189.059209
3.9,50,189.079344
3.9,50,189.098641
3.9,50,189.121888
3.9,50,189.14356
3.9,50,189.166719
3.9,50,189.186801
4.2,53,189.209836
3.9,50,189.231644
3.9,50,189.254035
3.9,50,189.275667
3.9,50,189.298748
3.9,50,189.321092
3.9,50,189.344287
3.9,50,189.367303
3.9,50,189.390884
3.9,50,189.412489
3.9,50,189.432095
3.9,50,189.450226
3.9,50,189.469148
3.9,50,189.48727
3.9,50,189.508819
6.0,62,189.533061
3.9,50,189.556171
3.9,50,189.578542
3.9,50,189.601404
3.9,50,189.623415
3.9,50,189.757208
3.9,50,189.78149
3.9,50,189.804569
3.9,50,189.826277
3.9,50,189.848538
3.9,50,189.870713
3.9,50,189.892339
3.9,50,189.915004
3.9,50,189.9386
3.9,50,189.960609
4.7,58,189.983373
3.9,50,190.002449
3.9,50,190.023771
3.9,50,190.046079
3.9,50,190.069097
3.9,50,190.091396
8.4,86,190.131817
3.9,50,190.154422
3.9,50,190.178087
3.9,50,190.200458
3.9,50,190.223763
3.9,50,190.245688
4.6,57,190.271386
3.9,50,190.294364
3.9,50,190.316498
3.9,50,190.339567
3.9,50,190.361953
3.9,50,190.38495
3.9,50,190.407265
3.9,50,190.430242
3.9,50,190.452026
3.9,50,190.475227
3.9,50,190.496855
3.9,50,190.519656
3.9,50,190.541671
3.9,50,190.568605
3.9,50,190.594555
4.4,55,190.619248
3.9,50,190.639624
3.9,50,190.661301
3.9,50,190.684336
3.9,50,190.706372
3.9,50,190.729318
3.9,50,190.751413
3.9,50,190.774432
3.9,50,190.797707
3.9,50,190.81894
4.4,55,190.838456
4.5,56,190.861241
3.9,50,190.879855
3.9,50,190.901332
3.9,50,190.924591
3.9,50,190.94686
3.9,50,190.970556
3.9,50,190.991554
3.9,50,191.015014
3.9,50,191.036932
3.9,50,191.059802
3.9,50,191.080851
3.9,50,191.103742
3.9,50,191.125537
3.9,50,191.148587
3.9,50,191.170353
3.9,50,191.193121
3.9,50,191.213417
3.9,50,191.236081
4.6,57,191.260869
3.9,50,191.283714
9.1,93,191.325388
3.9,50,191.346492
3.9,50,191.369398
3.9,50,191.391465
4.2,53,191.411592
3.9,50,191.430669
3.9,50,191.453936
3.9,50,191.476665
3.9,50,191.499055
4.1,52,191.520547
3.9,50,191.542288
3.9,50,191.565561
3.9,50,191.587421
3.9,50,191.610661
3.9,50,191.631799
8.4,86,191.670234
3.9,50,191.692366
8.4,86,191.731174
8.4,86,191.768975
8.4,86,191.809094
3.9,50,191.827735
3.9,50,191.846985
6.0,62,191.874219
3.9,50,191.89709
4.8,59,191.922237
8.5,87,191.961654
3.9,50,191.983528
3.9,50,192.005474
3.9,50,192.028307
4.6,57,192.053544
6.0,62,192.078625
8.4,86,192.112977
4.7,58,192.137668
3.9,50,192.161141
3.9,50,192.183958
3.9,50,192.207812
3.9,50,192.229897
3.9,50,192.252638
3.9,50,192.274838
3.9,50,192.297778
3.9,50,192.319855
9.3,95,192.362499
12.9,122,192.416782
3.9,50,192.438012
12.9,122,192.492101
27.0,236,192.595833
8.4,86,192.634388
9.1,93,192.670743
8.4,86,192.709575
8.4,86,192.746325
8.4,86,192.786706
3.9,50,192.808888
12.9,122,192.863019
8.4,86,192.901186
4.3,54,192.926483
3.9,50,192.948372
5.0,61,192.97691
9.4,96,193.020523
2.0,31,193.033846
8.4,86,193.073483
3.9,50,193.095899
6.8,70,193.128163
8.4,86,193.16638
2.0,31,193.178962
2.0,31,193.190562
3.9,50,193.211902
10.6,99,193.256745
8.4,86,193.295539
8.4,86,193.333842
3.9,50,193.35708
3.9,50,193.378923
4.1,52,193.402539
8.4,86,193.44229
6.3,65,193.471023
4.2,53,193.49242
8.4,86,193.529784
6.5,67,193.558748
8.4,86,193.59282
8.4,86,193.627516
17.9,163,193.701523
17.9,163,193.77444
4.3,54,193.797775
3.9,50,193.820036
3.9,50,193.839325
4.5,56,193.862731
5.0,61,193.89258
3.9,50,193.914233
6.0,62,193.942985
9.4,96,193.986562
3.9,50,194.007262
6.7,69,194.037144
3.9,50,194.059711
3.9,50,194.08244
8.4,86,194.121645
4.5,56,194.145843
4.7,58,194.171326
8.4,86,194.210802
4.1,52,194.23454
4.6,57,194.260381
3.9,50,194.282871
6.5,67,194.312685
3.9,50,194.335896
6.0,62,194.363048
8.4,86,194.401954
3.9,50,194.423334
8.4,86,194.460913
6.1,63,194.487176
8.4,86,194.526354
8.6,88,194.566072
4.9,60,194.595189
8.4,86,194.631343
3.9,50,194.653087
8.7,89,194.688207
3.9,50,194.710487
13.8,131,194.767781
3.9,50,194.789608
8.4,86,194.82899
3.9,50,194.84702
8.4,86,194.881161
3.9,50,194.903636
18.3,167,194.981407
4.2,53,195.005256
8.4,86,195.044749
4.8,59,195.070671
6.7,69,195.10215
8.4,86,195.141418
8.4,86,195.18107
3.9,50,195.202912
3.9,50,195.228479
3.9,50,195.250846
6.7,69,195.281869
4.9,60,195.307746
9.0,92,195.346816
12.9,122,195.402763
6.0,62,195.43043
6.0,62,195.459209
3.9,50,195.481387
9.2,94,195.524678
6.8,70,195.556313
8.4,86,195.595907
8.4,86,195.634101
3.9,50,195.657211
17.9,163,195.730545
8.4,86,195.768814
4.7,58,195.795524
4.2,53,195.819089
6.7,69,195.849789
8.4,86,195.889119
15.1,135,195.948497
5.0,61,195.976131
6.4,66,196.005196
4.4,55,196.030539
6.6,68,196.061392
4.2,53,196.08526
17.9,163,196.153556
6.8,70,196.18285
3.9,50,196.205735
3.9,50,196.229707
3.9,50,196.254601
8.4,86,196.29435
6.2,64,196.322502
12.9,122,196.376019
6.4,66,196.407732
3.9,50,196.43006
6.2,64,196.459935
6.6,68,196.490799
3.9,50,196.512582
3.9,50,196.535609
3.9,50,196.55757
3.9,50,196.580844
4.9,60,196.60707
3.9,50,196.628028
6.4,66,196.658417
8.4,86,196.69165
8.4,86,196.727728
4.0,51,196.749536
6.8,70,196.781012
3.9,50,196.80436
18.9,173,196.880337
3.9,50,196.903115
20.4,179,196.986559
3.9,50,197.009668
3.9,50,197.03173
3.9,50,197.052435
8.4,86,197.089718
4.4,55,197.11073
3.9,50,197.130809
8.4,86,197.16731
8.4,86,197.206494
12.9,122,197.258675
3.9,50,197.28055
3.9,50,197.303687
6.3,65,197.332976
3.9,50,197.355825
8.4,86,197.393917
8.4,86,197.431906
6.6,68,197.457468
3.9,50,197.479226
8.4,86,197.518662
6.8,70,197.549774
4.6,57,197.57375
5.0,61,197.597105
3.9,50,197.615144
6.6,68,197.645271
12.9,122,197.70114
3.9,50,197.723074
6.6,68,197.753626
3.9,50,197.776695
13.1,124,197.827199
4.0,51,197.849394
3.9,50,197.872566
12.9,122,197.922124
3.9,50,197.944433
8.4,86,197.983112
15.8,142,198.048244
4.4,55,198.073619
10.5,98,198.113931
3.9,50,198.134685
-4.5,50,198.156578
4.1,52,198.179972
6.0,62,198.208326
6.1,63,198.235697
4.0,51,198.258258
4.6,57,198.283351
3.9,50,198.30655
3.9,50,198.328268
3.9,50,198.350765
3.9,50,198.372154
4.9,60,198.394561
3.9,50,198.417229
5.0,61,198.444761
4.3,54,198.469993
3.9,50,198.490513
12.9,122,198.542309
3.9,50,198.564412
11.3,106,198.612736
3.9,50,198.634676
4.9,60,198.661743
3.9,50,198.685149
3.9,50,198.707489
3.9,50,198.731835
3.9,50,198.751583
6.6,68,198.779164
4.7,58,198.800923
-5.1,50,198.819973
2.0,31,198.831979
4.1,52,198.852482
0.3,50,198.87349
8.4,86,198.912499
3.9,50,198.935064
0.3,50,198.957752
3.9,50,198.979818
6.6,68,199.009943
4.1,52,199.033606
9.3,95,199.075922
-5.1,50,199.098916
4.4,55,199.122336
3.9,50,199.145686
8.4,86,199.184078
3.9,50,199.207251
3.9,50,199.229216
8.4,86,199.26882
-8.7,50,199.290786
4.9,60,199.317242
8.4,86,199.356219
3.9,50,199.378358
4.9,60,199.407193
-2.1,50,199.430079
8.4,86,199.468307
-6.9,50,199.490729
11.0,103,199.53735
3.9,50,199.559159
-1.5,50,199.58218
3.9,50,199.604211
4.1,52,199.627614
-0.9,50,199.650472
22.4,199,199.739343
17.9,163,199.813893
-8.7,50,199.837687
-0.9,50,199.860135
6.3,65,199.889339
3.9,50,199.912547
3.9,50,199.934382
1.0,57,199.960382
8.4,86,199.998651
3.9,50,200.021979
3.9,50,200.044113
3.9,50,200.065419
-6.9,50,200.086589
3.9,50,200.109706
8.4,86,200.146098
3.9,50,200.168381
9.5,97,200.210258
3.9,50,200.228648
3.9,50,200.251134
3.9,50,200.273455
4.4,55,200.295113
3.9,50,200.314251
8.4,86,200.351501
3.9,50,200.373885
8.4,86,200.412617
3.9,50,200.436095
6.8,70,200.467756
8.4,86,200.507072
3.9,50,200.528736
6.8,70,200.560998
3.9,50,200.582661
-6.3,50,200.60543
8.4,86,200.638441
-1.5,50,200.660704
5.0,61,200.68805
12.9,122,200.743653
3.9,50,200.767024
12.9,122,200.821767
12.9,122,200.875551
22.4,199,200.966017
3.9,50,200.988437
3.9,50,201.011706
4.2,53,201.033126
-5.7,50,201.054651
2.0,31,201.069045
3.9,50,201.092419
6.0,62,201.120194
6.4,66,201.150524
4.2,53,201.174926
3.9,50,201.197057
12.9,122,201.253038
3.9,50,201.275146
4.4,55,201.300328
3.9,50,201.323264
4.0,51,201.345164
-2.1,50,201.368392
8.4,86,201.406934
3.9,50,201.426493
2.0,31,201.439863
8.4,86,201.478073
3.9,50,201.498415
3.9,50,201.52032
-4.5,50,201.543243
3.9,50,201.565321
6.4,66,201.593084
3.9,50,201.616389
-0.9,50,201.63997
15.2,136,201.701843
3.9,50,201.72313
3.9,50,201.746025
4.0,51,201.763937
-6.9,50,201.786108
22.4,199,201.86925
6.1,63,201.892368
4.3,54,201.912826
6.7,69,201.942252
8.4,86,201.981166
6.8,70,202.011848
6.8,70,202.043698
3.9,50,202.066762
3.9,50,202.088892
3.9,50,202.109645
10.7,100,202.150948
3.9,50,202.174263
2.0,31,202.187629
2.0,31,202.202193
20.5,180,202.281197
4.1,52,202.304536
1.5,50,202.327665
3.9,50,202.349636
3.9,50,202.372959
6.1,63,202.400474
3.9,50,202.42367
9.1,93,202.464708
3.9,50,202.488568
2.0,31,202.501605
3.9,50,202.524488
3.9,50,202.546572
3.9,50,202.580358
17.9,163,202.652654
8.4,86,202.691652
3.9,50,202.715061
13.3,126,202.771919
4.8,59,202.798772
6.5,67,202.829966
3.9,50,202.852299
6.7,69,202.883598
3.9,50,202.906781
8.4,86,202.945345
3.9,50,202.967976
6.6,68,202.997712
12.9,122,203.04687
3.9,50,203.068633
4.9,60,203.094132
3.9,50,203.116043
3.9,50,203.138925
3.9,50,203.16151
4.9,60,203.190672
3.9,50,203.213961
10.8,101,203.258672
3.9,50,203.281435
8.4,86,203.319978
3.9,50,203.34312
3.9,50,203.364993
13.8,131,203.421906
3.9,50,203.440047
3.9,50,203.459788
9.5,97,203.502724
3.9,50,203.525632
3.9,50,203.547462
6.7,69,203.577798
3.9,50,203.600796
8.4,86,203.638985
3.9,50,203.661902
8.4,86,203.700141
6.0,62,203.728456
8.4,86,203.765928
6.3,65,203.795624
6.3,65,203.826442
2.0,31,203.837582
3.9,50,203.855365
6.1,63,203.881063
8.4,86,203.916598
3.9,50,203.939827
3.9,50,203.961925
13.3,126,204.019934
2.0,31,204.034264
3.9,50,204.055882
4.1,52,204.076632
3.9,50,204.095865
3.9,50,204.115163
10.6,99,204.158804
3.9,50,204.176303
3.9,50,204.195424
3.9,50,204.214785
18.1,165,204.291404
2.0,31,204.304684
3.9,50,204.327802
3.9,50,204.350022
2.0,31,204.364842
3.9,50,204.388312
3.9,50,204.409516
2.0,31,204.423252
3.9,50,204.445289
3.9,50,204.468661
3.9,50,204.490795
3.9,50,204.513739
3.9,50,204.536144
3.9,50,204.559729
2.0,31,204.574293
3.9,50,204.596077
2.0,31,204.610473
3.9,50,204.631975
2.0,31,204.646304
3.9,50,204.669439
2.0,31,204.784676
3.9,50,204.836563
3.9,50,204.860274
8.4,86,204.900812
10.9,102,204.980669
3.9,50,205.006685
3.9,50,205.031402
3.9,50,205.052518
8.4,86,205.092179
3.9,50,205.113256
3.9,50,205.134989
3.9,50,205.158648
3.9,50,205.1808
3.9,50,205.203813
3.9,50,205.230263
3.9,50,205.257438
3.9,50,205.279632
8.4,86,205.317347
4.0,51,205.341605
3.9,50,205.363447
3.9,50,205.38663
3.9,50,205.408791
3.9,50,205.430822
4.0,51,205.451477
3.9,50,205.474046
3.9,50,205.49634
3.9,50,205.518671
3.9,50,205.540835
3.9,50,205.563786
12.9,122,205.61772
3.9,50,205.640256
3.9,50,205.661478
6.5,67,205.691245
3.9,50,205.713969
3.9,50,205.735975
3.9,50,205.759272
3.9,50,205.779379
3.9,50,205.799936
2.9,40,205.816251
3.9,50,205.838086
3.9,50,205.858738
3.9,50,205.880243
3.9,50,205.903674
2.0,31,205.917094
3.9,50,205.940096
3.9,50,205.962484
3.9,50,205.985721
3.9,50,206.007131
3.9,50,206.030233
3.9,50,206.050657
3.9,50,206.070265
3.9,50,206.091241
3.9,50,206.113703
3.9,50,206.135971
3.9,50,206.159128
3.9,50,206.181154
3.9,50,206.204479
3.9,50,206.228116
3.9,50,206.250774
3.9,50,206.272435
3.9,50,206.293941
3.9,50,206.312116
3.9,50,206.331403
3.9,50,206.351066
3.9,50,206.374757
12.9,122,206.428782
3.9,50,206.452059
3.9,50,206.47367
8.4,86,206.511795
3.9,50,206.533995
8.4,86,206.573215
3.9,50,206.594765
3.9,50,206.617501
2.0,31,206.631898
3.9,50,206.65417
13.2,125,206.710297
8.4,86,206.748795
4.2,53,206.771987
3.9,50,206.795265
8.4,86,206.833011
6.1,63,206.861199
4.0,51,206.884223
9.1,93,206.925314
3.9,50,206.947117
3.9,50,206.970325
3.9,50,206.992476
3.9,50,207.015417
8.4,86,207.053845
3.9,50,207.076888
3.9,50,207.097182
8.7,89,207.135272
3.9,50,207.153711
3.9,50,207.172382
3.9,50,207.190697
3.9,50,207.211118
3.9,50,207.232277
4.0,51,207.254545
3.9,50,207.275074
3.9,50,207.296825
3.9,50,207.315321
17.9,163,207.382437
3.9,50,207.405825
8.4,86,207.444289
12.9,122,207.499443
6.6,68,207.530272
8.4,86,207.568591
3.9,50,207.591912
3.9,50,207.613652
3.9,50,207.636677
3.9,50,207.65876
3.9,50,207.681713
6.0,62,207.709834
3.9,50,207.732115
3.9,50,207.753924
3.9,50,207.776547
3.9,50,207.79826
8.4,86,207.837287
3.9,50,207.859017
3.9,50,207.88199
3.9,50,207.904086
3.9,50,207.924031
3.9,50,207.945767
3.9,50,207.969319
3.9,50,207.991518
12.9,122,208.04752
3.9,50,208.069534
3.9,50,208.092851
3.9,50,208.115068
3.9,50,208.138069
17.9,163,208.209572
3.9,50,208.228468
3.9,50,208.246023
3.9,50,208.264812
3.9,50,208.282576
3.9,50,208.301249
3.9,50,208.32361
3.9,50,208.346868
3.9,50,208.368603
3.9,50,208.3928
3.9,50,208.413556
3.9,50,208.435402
3.9,50,208.455492
3.9,50,208.476188
6.0,62,208.502819
3.9,50,208.526104
3.9,50,208.548201
3.9,50,208.571389
3.9,50,208.593137
3.9,50,208.614122
3.9,50,208.635095
3.9,50,208.656327
3.9,50,208.681565
3.9,50,208.70139
13.1,124,208.747644
3.9,50,208.767233
3.9,50,208.790196
3.9,50,208.812311
3.9,50,208.836067
3.9,50,208.858939
3.9,50,208.88164
3.9,50,208.903235
3.9,50,208.926213
3.9,50,208.948442
3.9,50,208.971184
3.9,50,208.991906
6.7,69,209.021479
8.4,86,209.055317
3.9,50,209.074606
3.9,50,209.09707
3.9,50,209.119999
3.9,50,209.142093
3.9,50,209.164849
3.9,50,209.186775
3.9,50,209.210976
3.9,50,209.232833
3.9,50,209.256666
3.9,50,209.278264
6.4,66,209.305104
8.8,90,209.343821
3.9,50,209.366949
3.9,50,209.388803
3.9,50,209.411892
3.9,50,209.43363
4.3,54,209.45849
3.9,50,209.480483
3.9,50,209.502974
3.9,50,209.521036
3.9,50,209.539723
3.9,50,209.557696
6.0,62,209.582478
27.1,237,209.687546
3.9,50,209.709493
6.8,70,209.738475
3.9,50,209.756478
3.9,50,209.778602
3.9,50,209.800895
3.9,50,209.822252
3.9,50,209.840155
4.1,52,209.862818
3.9,50,209.884938
3.9,50,209.906994
8.4,86,209.946041
3.9,50,209.966924
3.9,50,209.990182
3.9,50,210.011682
3.9,50,210.034937
3.9,50,210.056967
3.9,50,210.079744
3.9,50,210.102093
4.6,57,210.129448
3.9,50,210.151645
3.9,50,210.174599
3.9,50,210.196686
3.9,50,210.219542
3.9,50,210.241378
4.3,54,210.265951
3.9,50,210.288031
3.9,50,210.310742
3.9,50,210.33319
3.9,50,210.356579
8.6,88,210.396218
6.7,69,210.42698
3.9,50,210.449243
3.9,50,210.472533
3.9,50,210.494303
3.9,50,210.517325
3.9,50,210.539323
3.9,50,210.562614
8.7,89,210.602796
3.9,50,210.626293
9.4,96,210.669163
3.9,50,210.691466
3.9,50,210.714471
3.9,50,210.736492
3.9,50,210.759956
3.9,50,210.781845
3.9,50,210.804806
4.4,55,210.828662
6.8,70,210.85941
3.9,50,210.877566
3.9,50,210.896248
3.9,50,210.914319
8.6,88,210.94967
3.9,50,210.970778
3.9,50,210.99089
3.9,50,211.014146
3.9,50,211.035811
3.9,50,211.058797
3.9,50,211.077358
3.9,50,211.098631
3.9,50,211.120603
3.9,50,211.144262
3.9,50,211.166109
8.4,86,211.205581
3.9,50,211.227461
3.9,50,211.250582
3.9,50,211.272666
3.9,50,211.295059
6.1,63,211.323253
3.9,50,211.344985
3.9,50,211.368053
8.4,86,211.406171
3.9,50,211.429446
3.9,50,211.452141
9.5,97,211.494612
3.9,50,211.517356
3.9,50,211.539348
3.9,50,211.559559
3.9,50,211.586523
3.9,50,211.608873
8.4,86,211.643487
3.9,50,211.666774
5.0,61,211.689716
3.9,50,211.711857
3.9,50,211.730311
3.9,50,211.749733
3.9,50,211.76771
3.9,50,211.786288
3.9,50,211.806643
3.9,50,211.829642
3.9,50,211.851876
12.9,122,211.901402
3.9,50,211.921241
3.9,50,211.944321
3.9,50,211.966062
11.1,104,212.011718
3.9,50,212.034919
3.9,50,212.057036
4.4,55,212.081938
13.5,128,212.139227
6.6,68,212.170117
3.9,50,212.192284
3.9,50,212.215482
6.8,70,212.245084
3.9,50,212.267817
4.2,53,212.291377
3.9,50,212.314918
3.9,50,212.337103
8.4,86,212.376225
4.2,53,212.398887
3.9,50,212.419201
3.9,50,212.441101
12.9,122,212.485444
3.9,50,212.504293
8.4,86,212.536946
8.4,86,212.573123
4.7,58,212.597836
3.9,50,212.621782
4.2,53,212.643084
3.9,50,212.666205
3.9,50,212.688229
4.5,56,212.714242
8.4,86,212.755261
4.8,59,212.780942
22.4,199,212.867567
8.4,86,212.906961
3.9,50,212.929256
5.0,61,212.956225
3.9,50,212.97942
8.4,86,213.017377
3.9,50,213.040661
6.8,70,213.071803
11.3,106,213.120072
10.5,98,213.163268
6.4,66,213.193552
4.3,54,213.217301
6.4,66,213.247097
4.3,54,213.270493
9.0,92,213.311532
4.7,58,213.338041
4.6,57,213.363624
4.9,60,213.390192
3.9,50,213.410438
3.9,50,213.432175
8.7,89,213.473133
3.9,50,213.494121
4.8,59,213.517875
4.8,59,213.539132
12.9,122,213.589143
6.8,70,213.620607
4.1,52,213.644392
6.3,65,213.674742
4.1,52,213.698521
3.9,50,213.720509
4.6,57,213.745973
6.6,68,213.776816
3.9,50,213.800091
-8.7,50,213.821683
4.4,55,213.846777
6.6,68,213.877437
4.5,56,213.90292
6.1,63,213.931788
6.8,70,213.960253
3.9,50,213.983463
6.8,70,214.014478
3.9,50,214.037881
4.3,54,214.062175
3.9,50,214.085207
6.7,69,214.116525
8.4,86,214.155971
6.8,70,214.186811
4.1,52,214.210253
4.1,52,214.231424
4.5,56,214.252086
4.5,56,214.27706
3.9,50,214.300053
3.9,50,214.322173
3.9,50,214.344989
9.4,96,214.388201
9.3,95,214.43075
3.9,50,214.453771
3.9,50,214.475922
8.4,86,214.513837
-3.3,50,214.536689
4.5,56,214.557484
4.3,54,214.581719
2.7,50,214.603796
8.4,86,214.642053
3.9,50,214.661552
5.0,61,214.684636
3.9,50,214.707122
6.0,62,214.735708
8.4,86,214.773852
4.7,58,214.800849
4.6,57,214.826451
4.1,52,214.849885
3.9,50,214.872075
3.9,50,214.895457
5.0,61,214.922733
3.9,50,214.947197
3.9,50,214.969403
3.9,50,214.992381
3.9,50,215.014495
3.9,50,215.036446
4.9,60,215.058792
3.9,50,215.076428
4.2,53,215.096346
3.9,50,215.115348
3.9,50,215.133503
4.8,59,215.155443
3.9,50,215.173948
3.9,50,215.192083
4.0,51,215.211305
4.4,55,215.235076
3.9,50,215.256629
4.2,53,215.280606
4.0,51,215.304367
2.0,31,215.318794
2.4,35,215.334337
3.9,50,215.354527
-0.9,50,215.377072
3.9,50,215.398879
3.9,50,215.421628
3.9,50,215.443846
-3.3,50,215.465233
3.9,50,215.485052
3.9,50,215.508456
3.9,50,215.530508
8.4,86,215.570287
3.9,50,215.592447
4.6,57,215.618217
3.9,50,215.638409
3.9,50,215.659383
3.9,50,215.681986
3.9,50,215.704171
3.9,50,215.726464
3.9,50,215.748594
-0.9,50,215.771176
3.9,50,215.792395
4.7,58,215.819746
3.9,50,215.841753
6.1,63,215.87049
3.9,50,215.893903
3.9,50,215.916037
3.9,50,215.939036
3.9,50,215.959047
4.6,57,215.980603
4.8,59,216.003053
3.9,50,216.021976
3.9,50,216.043086
3.9,50,216.065923
3.9,50,216.084276
3.9,50,216.105327
3.9,50,216.127408
8.4,86,216.161098
3.9,50,216.183352
3.9,50,216.206345
3.9,50,216.228532
3.9,50,216.251668
4.8,59,216.275179
4.8,59,216.301092
-5.7,50,216.320171
3.9,50,216.338114
5.0,61,216.360569
3.9,50,216.381134
3.9,50,216.402916
3.9,50,216.425774
6.6,68,216.456414
-1.5,50,216.475822
3.9,50,216.499134
3.9,50,216.519563
3.9,50,216.541945
3.9,50,216.563596
3.9,50,216.586571
3.9,50,216.608588
4.4,55,216.633861
3.9,50,216.657848
3.9,50,216.67972
4.4,55,216.704976
4.5,56,216.730347
3.9,50,216.75261
6.3,65,216.782629
8.4,86,216.82138
3.9,50,216.844532
3.9,50,216.866792
4.8,59,216.893735
8.4,86,216.931609
3.9,50,216.954738
4.2,53,216.978664
3.9,50,217.001483
3.9,50,217.023437
3.9,50,217.046434
3.9,50,217.067312
3.9,50,217.086329
